iteracja,id_czastki,x,y,fitness
0,0,4.2073,1.0222,7.7000
0,1,4.8361,1.9850,7.7000
0,2,4.4470,2.3687,7.9800
0,3,3.5462,3.8344,-1000.0000
0,4,5.2038,1.4717,26.2100
0,5,4.0724,0.7977,24.6300
0,6,2.9774,0.9074,-1000.0000
0,7,5.4323,3.0931,-1000.0000
0,8,5.0127,1.4297,26.2100
0,9,4.2631,2.3335,7.9800
0,10,5.5367,1.5450,26.2100
0,11,3.2805,1.9254,-1000.0000
0,12,4.9860,0.6137,24.6300
0,13,2.4296,2.1986,-1000.0000
0,14,5.4104,3.0091,-1000.0000
0,15,4.3029,3.9059,-1000.0000
0,16,4.7135,2.7032,7.9800
0,17,4.4112,1.3818,7.7000
0,18,4.2928,1.2771,7.7000
0,19,4.8297,1.3392,7.7000
1,0,4.9188,0.9399,24.6300
1,1,4.6069,0.4931,24.6300
1,2,5.7344,1.1701,26.2100
1,3,3.9258,1.9993,-1000.0000
1,4,7.7505,1.5541,-1000000000.0000
1,5,5.9803,1.1311,26.2100
1,6,3.5656,0.8263,-1000.0000
1,7,5.3306,2.2873,8.2000
1,8,5.2995,-0.2887,25.0500
1,9,5.1492,0.5411,25.0500
1,10,6.4095,0.7924,25.2000
1,11,5.1126,1.5231,26.2100
1,12,5.1533,0.8888,25.0500
1,13,4.3808,2.1597,7.9800
1,14,5.6459,2.3513,8.2000
1,15,5.5908,1.4118,26.2100
1,16,5.3225,2.1126,8.2000
1,17,5.8162,1.2710,26.2100
1,18,5.1152,1.5938,26.2100
1,19,5.1750,1.2252,26.2100
2,0,5.3065,0.9219,25.0500
2,1,4.7923,0.2300,24.6300
2,2,6.2860,0.5569,25.2000
2,3,4.1544,3.6161,-1000.0000
2,4,7.5041,1.1322,-1000000000.0000
2,5,6.7274,1.2330,26.4000
2,6,2.5618,1.0888,-1000.0000
2,7,5.9749,0.9459,25.0500
2,8,5.3771,-0.3829,25.0500
2,9,6.4503,0.0487,25.2000
2,10,6.4591,1.1936,26.4000
2,11,6.8524,1.1922,26.4000
2,12,5.8770,1.3202,26.2100
2,13,7.1912,1.8691,-1000000000.0000
2,14,6.2617,1.0242,26.4000
2,15,6.5184,0.0649,25.2000
2,16,6.9229,1.0444,26.4000
2,17,6.6489,1.2082,26.4000
2,18,5.7635,1.6194,26.2100
2,19,6.3977,1.1741,26.4000
3,0,5.5998,1.1477,26.2100
3,1,6.5155,0.8396,25.2000
3,2,6.4022,0.8618,25.2000
3,3,4.8652,4.3937,-1000.0000
3,4,6.0099,1.1948,26.4000
3,5,7.1010,1.2839,-1000000000.0000
3,6,4.9873,1.2166,7.7000
3,7,6.3364,0.4260,25.2000
3,8,5.5388,1.6510,26.2100
3,9,7.1915,0.3152,-1000000000.0000
3,10,6.5697,1.4262,26.4000
3,11,7.6377,1.0286,-1000000000.0000
3,12,5.9946,1.2581,26.2100
3,13,7.9011,1.6243,-1000000000.0000
3,14,6.8189,0.3687,25.2000
3,15,6.5913,0.9804,25.2000
3,16,7.5581,0.6819,-1000000000.0000
3,17,7.0954,1.1921,-1000000000.0000
3,18,5.7455,1.4566,26.2100
3,19,7.3188,1.1650,-1000000000.0000
4,0,6.0943,1.2716,26.4000
4,1,7.3782,1.4275,-1000000000.0000
4,2,6.2794,1.2956,26.4000
4,3,5.2704,5.1562,-1000.0000
4,4,5.6368,1.2390,26.2100
4,5,6.7983,1.2297,26.4000
4,6,6.8732,1.2857,26.4000
4,7,6.7156,0.4437,25.2000
4,8,5.5502,2.1682,8.2000
4,9,6.9179,1.0495,26.4000
4,10,6.6420,1.1725,26.4000
4,11,6.7045,1.2792,26.4000
4,12,6.4970,1.1647,26.4000
4,13,6.7544,1.6122,26.4000
4,14,6.6866,0.9656,25.2000
4,15,6.3428,1.6041,26.4000
4,16,7.2011,0.7804,-1000000000.0000
4,17,6.7349,1.1915,26.4000
4,18,5.8105,1.2675,26.2100
4,19,7.3167,1.1943,-1000000000.0000
5,0,6.4360,1.3325,26.4000
5,1,7.1993,1.0035,-1000000000.0000
5,2,6.2664,1.4657,26.4000
5,3,3.5748,5.7713,-1000.0000
5,4,5.8920,1.2400,26.2100
5,5,6.5341,1.2050,26.4000
5,6,7.7575,1.2708,-1000000000.0000
5,7,6.8614,1.0673,26.4000
5,8,6.5447,1.3051,26.4000
5,9,6.6438,1.5551,26.4000
5,10,6.5580,1.1005,26.4000
5,11,6.3216,1.3239,26.4000
5,12,6.7818,1.1517,26.4000
5,13,6.1693,1.3393,26.4000
5,14,6.2985,1.5564,26.4000
5,15,6.5860,1.8880,26.4000
5,16,6.5140,1.1275,26.4000
5,17,6.5302,1.1962,26.4000
5,18,5.9912,1.4110,26.2100
5,19,6.9776,1.2237,26.4000
6,0,6.4237,1.3067,26.4000
6,1,6.3252,0.8645,25.2000
6,2,6.6685,1.3796,26.4000
6,3,2.7767,2.6603,-1000.0000
6,4,6.2096,1.2403,26.4000
6,5,6.4616,1.2170,26.4000
6,6,6.7114,1.2523,26.4000
6,7,6.9177,1.4165,26.4000
6,8,7.0829,0.8027,-1000000000.0000
6,9,6.8494,1.4132,26.4000
6,10,6.5843,1.2394,26.4000
6,11,6.3344,1.2212,26.4000
6,12,6.7521,1.2198,26.4000
6,13,6.6426,1.3509,26.4000
6,14,6.2117,1.4036,26.4000
6,15,6.7106,1.3531,26.4000
6,16,6.2465,1.3391,26.4000
6,17,6.5106,1.2102,26.4000
6,18,6.2379,1.6006,26.4000
6,19,6.2989,1.2406,26.4000
7,0,6.4544,1.2843,26.4000
7,1,6.2860,1.0004,26.4000
7,2,6.5363,1.1984,26.4000
7,3,4.4395,0.8653,24.6300
7,4,6.7028,1.2160,26.4000
7,5,6.7363,1.2331,26.4000
7,6,6.2465,1.2587,26.4000
7,7,6.8189,1.4377,26.4000
7,8,6.9739,0.6518,25.2000
7,9,6.9331,1.0816,26.4000
7,10,6.5548,1.2805,26.4000
7,11,6.6677,1.1779,26.4000
7,12,6.5420,1.2638,26.4000
7,13,6.9725,1.3089,26.4000
7,14,6.5895,1.1608,26.4000
7,15,6.6637,1.2386,26.4000
7,16,6.7937,1.2048,26.4000
7,17,6.6353,1.2235,26.4000
7,18,6.7490,1.6718,26.4000
7,19,6.4057,1.1835,26.4000
8,0,6.5544,1.2665,26.4000
8,1,6.4328,1.2625,26.4000
8,2,6.4414,1.1949,26.4000
8,3,6.7989,0.1377,25.2000
8,4,6.4671,1.1921,26.4000
8,5,6.8632,1.2411,26.4000
8,6,6.4859,1.2687,26.4000
8,7,6.7400,1.1762,26.4000
8,8,6.6323,1.4325,26.4000
8,9,6.8158,0.9093,25.2000
8,10,6.5127,1.2431,26.4000
8,11,7.0457,1.2024,-1000000000.0000
8,12,6.4645,1.1886,26.4000
8,13,7.1045,1.3151,-1000000000.0000
8,14,6.8093,0.9355,25.2000
8,15,6.6463,1.5014,26.4000
8,16,7.1394,1.1453,-1000000000.0000
8,17,6.7581,1.2176,26.4000
8,18,6.5507,1.3375,26.4000
8,19,6.7773,1.1828,26.4000
9,0,6.4981,1.2469,26.4000
9,1,6.7369,1.3419,26.4000
9,2,6.3240,1.2792,26.4000
9,3,7.9419,0.0214,-1000000000.0000
9,4,6.3263,1.1955,26.4000
9,5,6.7179,1.2372,26.4000
9,6,6.8591,1.2697,26.4000
9,7,6.7727,0.9987,25.2000
9,8,6.4277,1.7535,26.4000
9,9,6.7496,1.1886,26.4000
9,10,6.4814,1.1892,26.4000
9,11,6.9573,1.2343,26.4000
9,12,6.4948,1.1606,26.4000
9,13,6.9723,1.5400,26.4000
9,14,6.8087,1.1252,26.4000
9,15,6.3769,1.4656,26.4000
9,16,7.0205,1.1440,-1000000000.0000
9,17,6.7261,1.2164,26.4000
9,18,6.4047,1.2164,26.4000
9,19,6.8200,1.2190,26.4000
10,0,6.2125,1.2312,26.4000
10,1,6.6539,0.9827,25.2000
10,2,6.4602,1.3238,26.4000
10,3,6.9779,1.1498,26.4000
10,4,6.1346,1.2060,26.4000
10,5,6.6575,1.2319,26.4000
10,6,6.9459,1.2486,26.4000
10,7,6.7942,1.1690,26.4000
10,8,6.6227,1.1735,26.4000
10,9,6.8393,1.2885,26.4000
10,10,6.4938,1.1635,26.4000
10,11,6.8293,1.2071,26.4000
10,12,6.5906,1.2125,26.4000
10,13,6.4981,1.5171,26.4000
10,14,6.4390,1.2846,26.4000
10,15,6.5736,1.4556,26.4000
10,16,6.7840,1.1622,26.4000
10,17,6.6426,1.2270,26.4000
10,18,6.5235,1.5308,26.4000
10,19,6.4305,1.2156,26.4000
11,0,6.4075,1.2615,26.4000
11,1,6.4333,0.8382,25.2000
11,2,6.4147,1.2585,26.4000
11,3,6.3240,1.7765,26.4000
11,4,6.2816,1.2324,26.4000
11,5,6.7105,1.2305,26.4000
11,6,6.7782,1.2664,26.4000
11,7,6.8323,1.2300,26.4000
11,8,6.7351,0.9630,25.2000
11,9,6.8930,1.1278,26.4000
11,10,6.6346,1.1770,26.4000
11,11,6.7002,1.1887,26.4000
11,12,6.6540,1.2363,26.4000
11,13,6.2957,1.4348,26.4000
11,14,6.2910,1.1327,26.4000
11,15,6.6679,1.5312,26.4000
11,16,6.6942,1.1251,26.4000
11,17,6.6319,1.2259,26.4000
11,18,6.3213,1.6477,26.4000
11,19,6.2938,1.2063,26.4000
12,0,6.6074,1.2648,26.4000
12,1,6.2350,1.0807,26.4000
12,2,6.5335,1.2202,26.4000
12,3,6.6026,1.4494,26.4000
12,4,6.5936,1.2250,26.4000
12,5,6.7539,1.2338,26.4000
12,6,6.6937,1.2527,26.4000
12,7,6.7842,1.1564,26.4000
12,8,6.6842,1.0874,26.4000
12,9,6.8554,1.1321,26.4000
12,10,6.7242,1.1996,26.4000
12,11,6.7720,1.2225,26.4000
12,12,6.6690,1.2235,26.4000
12,13,6.9223,1.3232,26.4000
12,14,6.4685,1.0476,26.4000
12,15,6.6187,1.3359,26.4000
12,16,6.6939,1.1108,26.4000
12,17,6.6667,1.2243,26.4000
12,18,6.6031,1.3653,26.4000
12,19,6.4693,1.1809,26.4000
13,0,6.6864,1.2475,26.4000
13,1,6.6048,1.1898,26.4000
13,2,6.6300,1.2539,26.4000
13,3,6.8478,1.0532,26.4000
13,4,6.6280,1.2145,26.4000
13,5,6.7532,1.2345,26.4000
13,6,6.7635,1.2485,26.4000
13,7,6.7343,1.1251,26.4000
13,8,6.5558,1.1843,26.4000
13,9,6.8190,1.1494,26.4000
13,10,6.6647,1.2238,26.4000
13,11,6.8157,1.2336,26.4000
13,12,6.5930,1.1931,26.4000
13,13,7.1541,1.3423,-1000000000.0000
13,14,6.7242,1.0553,26.4000
13,15,6.4542,1.3895,26.4000
13,16,6.7461,1.1668,26.4000
13,17,6.7291,1.2276,26.4000
13,18,6.5598,1.2578,26.4000
13,19,6.7451,1.2182,26.4000
14,0,6.3611,1.2413,26.4000
14,1,6.6409,1.1171,26.4000
14,2,6.6472,1.2579,26.4000
14,3,6.8654,0.9361,25.2000
14,4,6.1319,1.2138,26.4000
14,5,6.7449,1.2336,26.4000
14,6,6.8494,1.2669,26.4000
14,7,6.7302,1.1537,26.4000
14,8,6.6371,1.3547,26.4000
14,9,6.7882,1.2138,26.4000
14,10,6.5473,1.2183,26.4000
14,11,6.8211,1.2078,26.4000
14,12,6.6161,1.1885,26.4000
14,13,7.0243,1.3485,-1000000000.0000
14,14,6.4271,1.0614,26.4000
14,15,6.4056,1.4771,26.4000
14,16,6.7741,1.2052,26.4000
14,17,6.7221,1.2258,26.4000
14,18,6.3527,1.3776,26.4000
14,19,6.7039,1.2496,26.4000
15,0,6.3264,1.2531,26.4000
15,1,6.3784,1.0912,26.4000
15,2,6.3397,1.2947,26.4000
15,3,6.7983,1.2388,26.4000
15,4,5.9272,1.2135,26.2100
15,5,6.7200,1.2329,26.4000
15,6,6.8262,1.2701,26.4000
15,7,6.7309,1.1559,26.4000
15,8,6.6872,1.3403,26.4000
15,9,6.8432,1.1598,26.4000
15,10,6.5595,1.2120,26.4000
15,11,6.7845,1.1936,26.4000
15,12,6.5848,1.1967,26.4000
15,13,6.8256,1.4317,26.4000
15,14,6.5287,1.0818,26.4000
15,15,6.5093,1.3498,26.4000
15,16,6.7963,1.1622,26.4000
15,17,6.6640,1.2192,26.4000
15,18,6.5393,1.6181,26.4000
15,19,6.5158,1.2357,26.4000
16,0,6.3867,1.2577,26.4000
16,1,6.3923,1.0404,26.4000
16,2,6.4523,1.2850,26.4000
16,3,6.7560,1.3603,26.4000
16,4,6.5125,1.2260,26.4000
16,5,6.7194,1.2326,26.4000
16,6,6.7504,1.2775,26.4000
16,7,6.7552,1.1770,26.4000
16,8,6.6187,1.2309,26.4000
16,9,6.8973,1.0394,26.4000
16,10,6.4861,1.2027,26.4000
16,11,6.7646,1.2167,26.4000
16,12,6.6283,1.2000,26.4000
16,13,6.6245,1.5050,26.4000
16,14,6.4158,1.2062,26.4000
16,15,6.7004,1.3634,26.4000
16,16,6.7927,1.1153,26.4000
16,17,6.6607,1.2147,26.4000
16,18,6.4895,1.6176,26.4000
16,19,6.4594,1.2227,26.4000
17,0,6.6722,1.2527,26.4000
17,1,6.5220,1.0221,26.4000
17,2,6.6174,1.2492,26.4000
17,3,6.8389,1.1817,26.4000
17,4,6.8450,1.2234,26.4000
17,5,6.7290,1.2328,26.4000
17,6,6.7557,1.2625,26.4000
17,7,6.7562,1.1668,26.4000
17,8,6.5889,1.2222,26.4000
17,9,6.9044,1.1092,26.4000
17,10,6.5121,1.2077,26.4000
17,11,6.7558,1.2289,26.4000
17,12,6.6216,1.1899,26.4000
17,13,6.6442,1.4805,26.4000
17,14,6.3929,1.1098,26.4000
17,15,6.7494,1.3565,26.4000
17,16,6.8834,1.1777,26.4000
17,17,6.6886,1.2105,26.4000
17,18,6.4685,1.2528,26.4000
17,19,6.5894,1.2174,26.4000
18,0,6.7268,1.2377,26.4000
18,1,6.6580,1.0718,26.4000
18,2,6.4711,1.2433,26.4000
18,3,6.8204,1.0727,26.4000
18,4,6.8858,1.1986,26.4000
18,5,6.7327,1.2329,26.4000
18,6,6.7638,1.2480,26.4000
18,7,6.7880,1.1925,26.4000
18,8,6.6127,1.2613,26.4000
18,9,6.7903,1.1817,26.4000
18,10,6.5483,1.2094,26.4000
18,11,6.7736,1.2228,26.4000
18,12,6.6215,1.1944,26.4000
18,13,6.7843,1.3597,26.4000
18,14,6.5843,1.1601,26.4000
18,15,6.7524,1.4166,26.4000
18,16,6.8134,1.1328,26.4000
18,17,6.6990,1.2199,26.4000
18,18,6.4383,1.3465,26.4000
18,19,6.6763,1.1947,26.4000
19,0,6.4791,1.2552,26.4000
19,1,6.4372,1.1000,26.4000
19,2,6.5962,1.2521,26.4000
19,3,6.7693,1.1742,26.4000
19,4,6.3464,1.1918,26.4000
19,5,6.7282,1.2331,26.4000
19,6,6.8561,1.2623,26.4000
19,7,6.8235,1.1858,26.4000
19,8,6.6924,1.2746,26.4000
19,9,6.7215,1.1410,26.4000
19,10,6.5032,1.1973,26.4000
19,11,6.8195,1.1997,26.4000
19,12,6.5963,1.2147,26.4000
19,13,6.8322,1.4498,26.4000
19,14,6.5209,1.1954,26.4000
19,15,6.6768,1.4196,26.4000
19,16,6.7490,1.1636,26.4000
19,17,6.6689,1.2293,26.4000
19,18,6.4937,1.4852,26.4000
19,19,6.4805,1.2121,26.4000
20,0,6.3931,1.2619,26.4000
20,1,6.4533,1.0255,26.4000
20,2,6.6025,1.2707,26.4000
20,3,6.8386,1.2676,26.4000
20,4,5.9268,1.2125,26.2100
20,5,6.7250,1.2330,26.4000
20,6,6.8999,1.2764,26.4000
20,7,6.7766,1.1720,26.4000
20,8,6.6020,1.3034,26.4000
20,9,6.8065,1.1807,26.4000
20,10,6.5849,1.2045,26.4000
20,11,6.8369,1.2052,26.4000
20,12,6.6055,1.2202,26.4000
20,13,6.7789,1.4245,26.4000
20,14,6.4095,1.0525,26.4000
20,15,6.6327,1.2857,26.4000
20,16,6.7360,1.2223,26.4000
20,17,6.6472,1.2263,26.4000
20,18,6.4680,1.4355,26.4000
20,19,6.4802,1.2299,26.4000
21,0,6.4091,1.2549,26.4000
21,1,6.4395,1.1815,26.4000
21,2,6.5183,1.2645,26.4000
21,3,6.9045,1.2569,26.4000
21,4,6.0503,1.2235,26.4000
21,5,6.7265,1.2330,26.4000
21,6,6.8625,1.2645,26.4000
21,7,6.8043,1.1990,26.4000
21,8,6.6376,1.2517,26.4000
21,9,6.8048,1.1043,26.4000
21,10,6.6359,1.2086,26.4000
21,11,6.8234,1.2088,26.4000
21,12,6.5546,1.1892,26.4000
21,13,6.6962,1.4842,26.4000
21,14,6.4054,1.0820,26.4000
21,15,6.4656,1.3424,26.4000
21,16,6.8323,1.2469,26.4000
21,17,6.7162,1.2250,26.4000
21,18,6.2508,1.5252,26.4000
21,19,6.6136,1.2144,26.4000
22,0,6.2380,1.2408,26.4000
22,1,6.4931,1.1678,26.4000
22,2,6.4942,1.2756,26.4000
22,3,6.7918,1.2172,26.4000
22,4,6.2330,1.2172,26.4000
22,5,6.7280,1.2329,26.4000
22,6,6.8213,1.2356,26.4000
22,7,6.8159,1.1400,26.4000
22,8,6.6481,1.2171,26.4000
22,9,6.7864,1.1273,26.4000
22,10,6.7119,1.2093,26.4000
22,11,6.7594,1.2197,26.4000
22,12,6.6234,1.1723,26.4000
22,13,6.6939,1.3799,26.4000
22,14,6.5513,1.0708,26.4000
22,15,6.4250,1.4164,26.4000
22,16,6.9026,1.1291,26.4000
22,17,6.7218,1.2286,26.4000
22,18,6.4978,1.3267,26.4000
22,19,6.5694,1.2064,26.4000
23,0,6.4634,1.2556,26.4000
23,1,6.4189,1.0661,26.4000
23,2,6.3323,1.2801,26.4000
23,3,6.7687,1.1996,26.4000
23,4,6.5856,1.2086,26.4000
23,5,6.7278,1.2329,26.4000
23,6,6.7905,1.2501,26.4000
23,7,6.7690,1.0778,26.4000
23,8,6.6373,1.2233,26.4000
23,9,6.7436,1.1891,26.4000
23,10,6.5323,1.2170,26.4000
23,11,6.7649,1.2152,26.4000
23,12,6.6157,1.1906,26.4000
23,13,6.7465,1.2490,26.4000
23,14,6.6613,1.2168,26.4000
23,15,6.6343,1.4159,26.4000
23,16,6.8764,1.1480,26.4000
23,17,6.7153,1.2154,26.4000
23,18,6.6814,1.2572,26.4000
23,19,6.4224,1.1979,26.4000
24,0,6.3811,1.2645,26.4000
24,1,6.4823,1.0405,26.4000
24,2,6.2752,1.2442,26.4000
24,3,6.7361,1.1939,26.4000
24,4,6.7162,1.2058,26.4000
24,5,6.7275,1.2330,26.4000
24,6,6.7285,1.2614,26.4000
24,7,6.7392,1.1498,26.4000
24,8,6.6580,1.2918,26.4000
24,9,6.7323,1.2200,26.4000
24,10,6.5046,1.2265,26.4000
24,11,6.7722,1.2093,26.4000
24,12,6.5968,1.1980,26.4000
24,13,6.7680,1.2698,26.4000
24,14,6.6241,1.1713,26.4000
24,15,6.7349,1.3412,26.4000
24,16,6.7829,1.1557,26.4000
24,17,6.6784,1.2114,26.4000
24,18,6.4403,1.2791,26.4000
24,19,6.5792,1.2060,26.4000
25,0,6.6212,1.2547,26.4000
25,1,6.6385,1.1475,26.4000
25,2,6.6474,1.2226,26.4000
25,3,6.7502,1.1858,26.4000
25,4,6.7537,1.2179,26.4000
25,5,6.7272,1.2330,26.4000
25,6,6.7686,1.2794,26.4000
25,7,6.8306,1.1805,26.4000
25,8,6.6726,1.3001,26.4000
25,9,6.7640,1.2084,26.4000
25,10,6.5311,1.2189,26.4000
25,11,6.7829,1.2048,26.4000
25,12,6.5905,1.2187,26.4000
25,13,6.7657,1.6111,26.4000
25,14,6.6051,1.1031,26.4000
25,15,6.7705,1.2747,26.4000
25,16,6.8225,1.0692,26.4000
25,17,6.6567,1.2240,26.4000
25,18,6.3536,1.4207,26.4000
25,19,6.6936,1.2020,26.4000
26,0,6.5591,1.2583,26.4000
26,1,6.5738,1.1956,26.4000
26,2,6.7573,1.2789,26.4000
26,3,6.7762,1.2027,26.4000
26,4,6.4938,1.2321,26.4000
26,5,6.7274,1.2330,26.4000
26,6,6.7767,1.2773,26.4000
26,7,6.8624,1.1743,26.4000
26,8,6.6008,1.2849,26.4000
26,9,6.7805,1.1931,26.4000
26,10,6.7204,1.1981,26.4000
26,11,6.8139,1.2033,26.4000
26,12,6.6323,1.1977,26.4000
26,13,6.7558,1.5795,26.4000
26,14,6.6471,1.0382,26.4000
26,15,6.4611,1.2297,26.4000
26,16,6.8229,1.1425,26.4000
26,17,6.7115,1.2311,26.4000
26,18,6.2908,1.3569,26.4000
26,19,6.5132,1.1992,26.4000
27,0,6.2150,1.2634,26.4000
27,1,6.3344,1.0989,26.4000
27,2,6.3278,1.2801,26.4000
27,3,6.7947,1.2273,26.4000
27,4,6.2226,1.2147,26.4000
27,5,6.7275,1.2330,26.4000
27,6,6.7804,1.2775,26.4000
27,7,6.7652,1.1575,26.4000
27,8,6.6421,1.2506,26.4000
27,9,6.8334,1.1089,26.4000
27,10,6.6128,1.2191,26.4000
27,11,6.8214,1.2105,26.4000
27,12,6.6636,1.1859,26.4000
27,13,6.7319,1.3327,26.4000
27,14,6.6843,1.0344,26.4000
27,15,6.4648,1.2940,26.4000
27,16,6.8579,1.1909,26.4000
27,17,6.7108,1.2229,26.4000
27,18,6.4793,1.2968,26.4000
27,19,6.3478,1.2209,26.4000
28,0,6.3315,1.2399,26.4000
28,1,6.3396,1.0564,26.4000
28,2,6.2560,1.2872,26.4000
28,3,6.8046,1.1991,26.4000
28,4,6.3043,1.1991,26.4000
28,5,6.7274,1.2330,26.4000
28,6,6.7879,1.2705,26.4000
28,7,6.7928,1.1495,26.4000
28,8,6.6160,1.2446,26.4000
28,9,6.8401,1.0448,26.4000
28,10,6.5641,1.2314,26.4000
28,11,6.7605,1.2165,26.4000
28,12,6.6238,1.1968,26.4000
28,13,6.7218,1.3305,26.4000
28,14,6.6731,1.0246,26.4000
28,15,6.4519,1.4049,26.4000
28,16,6.8396,1.1084,26.4000
28,17,6.6872,1.2148,26.4000
28,18,6.5835,1.3733,26.4000
28,19,6.3948,1.2292,26.4000
29,0,6.6649,1.2249,26.4000
29,1,6.5977,1.0876,26.4000
29,2,6.3239,1.2431,26.4000
29,3,6.8372,1.1652,26.4000
29,4,6.4394,1.2206,26.4000
29,5,6.7274,1.2330,26.4000
29,6,6.8537,1.2467,26.4000
29,7,6.7902,1.2123,26.4000
29,8,6.5657,1.2575,26.4000
29,9,6.8297,1.1996,26.4000
29,10,6.5584,1.2033,26.4000
29,11,6.7536,1.2175,26.4000
29,12,6.6638,1.1826,26.4000
29,13,6.7353,1.4255,26.4000
29,14,6.2934,1.0990,26.4000
29,15,6.4170,1.4290,26.4000
29,16,6.7781,1.0544,26.4000
29,17,6.6899,1.2147,26.4000
29,18,6.5014,1.4376,26.4000
29,19,6.5257,1.1955,26.4000
30,0,6.3173,1.2600,26.4000
30,1,6.6776,1.0655,26.4000
30,2,6.7053,1.2499,26.4000
30,3,6.7774,1.1675,26.4000
30,4,6.2938,1.2286,26.4000
30,5,6.7274,1.2330,26.4000
30,6,6.7976,1.2331,26.4000
30,7,6.7501,1.1270,26.4000
30,8,6.6392,1.2724,26.4000
30,9,6.8805,1.1610,26.4000
30,10,6.6100,1.1932,26.4000
30,11,6.7729,1.2121,26.4000
30,12,6.6626,1.1635,26.4000
30,13,6.7524,1.3999,26.4000
30,14,6.1840,1.1891,26.4000
30,15,6.5148,1.5337,26.4000
30,16,6.7637,1.0676,26.4000
30,17,6.6936,1.2275,26.4000
30,18,6.3996,1.3896,26.4000
30,19,6.7511,1.1874,26.4000
31,0,6.1388,1.2796,26.4000
31,1,6.7491,1.1289,26.4000
31,2,6.5195,1.2633,26.4000
31,3,6.7443,1.1883,26.4000
31,4,6.0737,1.2153,26.4000
31,5,6.7274,1.2330,26.4000
31,6,6.7331,1.2753,26.4000
31,7,6.7967,1.1248,26.4000
31,8,6.6665,1.2963,26.4000
31,9,6.8377,1.1932,26.4000
31,10,6.6873,1.1998,26.4000
31,11,6.7918,1.1980,26.4000
31,12,6.6236,1.1856,26.4000
31,13,6.7553,1.4632,26.4000
31,14,6.6211,1.2612,26.4000
31,15,6.7364,1.4855,26.4000
31,16,6.7664,1.0814,26.4000
31,17,6.7201,1.2347,26.4000
31,18,6.5279,1.3775,26.4000
31,19,6.5277,1.1837,26.4000
32,0,6.3765,1.2390,26.4000
32,1,6.3766,1.1769,26.4000
32,2,6.4732,1.2753,26.4000
32,3,6.8279,1.1944,26.4000
32,4,6.3669,1.2051,26.4000
32,5,6.7274,1.2330,26.4000
32,6,6.7940,1.2708,26.4000
32,7,6.7543,1.1343,26.4000
32,8,6.6485,1.2868,26.4000
32,9,6.8166,1.1887,26.4000
32,10,6.6060,1.2012,26.4000
32,11,6.8097,1.1967,26.4000
32,12,6.6189,1.2190,26.4000
32,13,6.7558,1.2946,26.4000
32,14,6.6049,1.1314,26.4000
32,15,6.7561,1.3023,26.4000
32,16,6.7490,1.1141,26.4000
32,17,6.6705,1.2203,26.4000
32,18,6.6162,1.3806,26.4000
32,19,6.4876,1.1933,26.4000
33,0,6.3422,1.2239,26.4000
33,1,6.2953,1.2361,26.4000
33,2,6.5131,1.2603,26.4000
33,3,6.8991,1.1817,26.4000
33,4,6.4910,1.2172,26.4000
33,5,6.7274,1.2330,26.4000
33,6,6.8664,1.2519,26.4000
33,7,6.7622,1.1069,26.4000
33,8,6.5476,1.2781,26.4000
33,9,6.8046,1.1612,26.4000
33,10,6.6414,1.2102,26.4000
33,11,6.8149,1.2239,26.4000
33,12,6.6073,1.2075,26.4000
33,13,6.7529,1.2366,26.4000
33,14,6.6090,1.0519,26.4000
33,15,6.6356,1.4675,26.4000
33,16,6.8568,1.1194,26.4000
33,17,6.6642,1.2115,26.4000
33,18,6.4567,1.4288,26.4000
33,19,6.4970,1.1939,26.4000
34,0,6.1936,1.2537,26.4000
34,1,6.6161,1.1868,26.4000
34,2,6.4506,1.2695,26.4000
34,3,6.8343,1.1662,26.4000
34,4,6.5306,1.2121,26.4000
34,5,6.7274,1.2330,26.4000
34,6,6.8011,1.2341,26.4000
34,7,6.7629,1.1749,26.4000
34,8,6.5959,1.2350,26.4000
34,9,6.8081,1.1696,26.4000
34,10,6.5913,1.2111,26.4000
34,11,6.7932,1.2233,26.4000
34,12,6.5376,1.1989,26.4000
34,13,6.7363,1.3008,26.4000
34,14,6.5115,1.1051,26.4000
34,15,6.6099,1.4465,26.4000
34,16,6.8910,1.1134,26.4000
34,17,6.7221,1.2201,26.4000
34,18,6.4847,1.4962,26.4000
34,19,6.4894,1.2036,26.4000
35,0,6.2691,1.2674,26.4000
35,1,6.8405,1.1346,26.4000
35,2,6.6462,1.2734,26.4000
35,3,6.7787,1.1605,26.4000
35,4,6.5349,1.2060,26.4000
35,5,6.7274,1.2330,26.4000
35,6,6.7413,1.2379,26.4000
35,7,6.7719,1.2343,26.4000
35,8,6.6562,1.2132,26.4000
35,9,6.8003,1.0646,26.4000
35,10,6.5565,1.2160,26.4000
35,11,6.8179,1.2122,26.4000
35,12,6.5208,1.2220,26.4000
35,13,6.7447,1.5248,26.4000
35,14,6.4557,1.1957,26.4000
35,15,6.6725,1.3994,26.4000
35,16,6.8158,1.1552,26.4000
35,17,6.6856,1.2171,26.4000
35,18,6.6509,1.3576,26.4000
35,19,6.6443,1.1994,26.4000
36,0,6.6184,1.2700,26.4000
36,1,6.3827,1.1055,26.4000
36,2,6.4395,1.2903,26.4000
36,3,6.7735,1.1911,26.4000
36,4,6.1993,1.2254,26.4000
36,5,6.7274,1.2330,26.4000
36,6,6.7742,1.2381,26.4000
36,7,6.7714,1.1539,26.4000
36,8,6.7094,1.2606,26.4000
36,9,6.8878,1.1244,26.4000
36,10,6.5961,1.2120,26.4000
36,11,6.8255,1.2203,26.4000
36,12,6.5498,1.1972,26.4000
36,13,6.7480,1.5611,26.4000
36,14,6.3747,1.1202,26.4000
36,15,6.3960,1.4151,26.4000
36,16,6.8005,1.1223,26.4000
36,17,6.6796,1.2177,26.4000
36,18,6.7656,1.2303,26.4000
36,19,6.7529,1.1857,26.4000
37,0,6.5188,1.2543,26.4000
37,1,6.3278,1.0972,26.4000
37,2,6.4750,1.2949,26.4000
37,3,6.9486,1.1942,26.4000
37,4,6.0034,1.2292,26.4000
37,5,6.7274,1.2330,26.4000
37,6,6.8528,1.2577,26.4000
37,7,6.8340,1.1434,26.4000
37,8,6.6364,1.3078,26.4000
37,9,6.8175,1.1670,26.4000
37,10,6.5925,1.2060,26.4000
37,11,6.8404,1.2217,26.4000
37,12,6.6998,1.1953,26.4000
37,13,6.7447,1.3232,26.4000
37,14,6.4759,1.1081,26.4000
37,15,6.4361,1.3513,26.4000
37,16,6.8014,1.1280,26.4000
37,17,6.6769,1.2139,26.4000
37,18,6.4428,1.3220,26.4000
37,19,6.7106,1.1818,26.4000
38,0,6.2537,1.2484,26.4000
38,1,6.3166,1.1603,26.4000
38,2,6.3566,1.2485,26.4000
38,3,6.8810,1.2144,26.4000
38,4,6.3474,1.2244,26.4000
38,5,6.7274,1.2330,26.4000
38,6,6.8509,1.2580,26.4000
38,7,6.7695,1.1661,26.4000
38,8,6.6301,1.3191,26.4000
38,9,6.8553,1.1125,26.4000
38,10,6.6513,1.2235,26.4000
38,11,6.7653,1.2002,26.4000
38,12,6.7031,1.2123,26.4000
38,13,6.7442,1.2902,26.4000
38,14,6.5496,1.1173,26.4000
38,15,6.5393,1.3697,26.4000
38,16,6.7997,1.1444,26.4000
38,17,6.7120,1.2139,26.4000
38,18,6.4155,1.3402,26.4000
38,19,6.5372,1.2237,26.4000
39,0,6.1412,1.2503,26.4000
39,1,6.6323,1.1300,26.4000
39,2,6.3982,1.2200,26.4000
39,3,6.8289,1.2250,26.4000
39,4,6.6855,1.2136,26.4000
39,5,6.7274,1.2330,26.4000
39,6,6.8593,1.2800,26.4000
39,7,6.7041,1.1013,26.4000
39,8,6.5748,1.3158,26.4000
39,9,6.8717,1.0856,26.4000
39,10,6.6539,1.2084,26.4000
39,11,6.7390,1.2079,26.4000
39,12,6.7092,1.2151,26.4000
39,13,6.7394,1.5100,26.4000
39,14,6.6001,1.1031,26.4000
39,15,6.5991,1.4506,26.4000
39,16,6.9022,1.1877,26.4000
39,17,6.7404,1.2210,26.4000
39,18,6.6200,1.4096,26.4000
39,19,6.5070,1.2238,26.4000
40,0,6.5719,1.2557,26.4000
40,1,6.7756,1.1263,26.4000
40,2,6.3993,1.2892,26.4000
40,3,6.8419,1.2163,26.4000
40,4,6.5268,1.2126,26.4000
40,5,6.7274,1.2330,26.4000
40,6,6.8023,1.2690,26.4000
40,7,6.8091,1.1064,26.4000
40,8,6.6042,1.2820,26.4000
40,9,6.8050,1.0909,26.4000
40,10,6.6080,1.2033,26.4000
40,11,6.7704,1.2255,26.4000
40,12,6.6928,1.2020,26.4000
40,13,6.7390,1.6772,26.4000
40,14,6.6921,1.1605,26.4000
40,15,6.6615,1.5090,26.4000
40,16,6.8762,1.1660,26.4000
40,17,6.7427,1.2308,26.4000
40,18,6.5981,1.4586,26.4000
40,19,6.5299,1.1912,26.4000
41,0,6.5796,1.2638,26.4000
41,1,6.3760,1.0918,26.4000
41,2,6.6927,1.3168,26.4000
41,3,6.8519,1.2013,26.4000
41,4,6.2132,1.2169,26.4000
41,5,6.7274,1.2330,26.4000
41,6,6.7558,1.2447,26.4000
41,7,6.8688,1.1409,26.4000
41,8,6.5878,1.2413,26.4000
41,9,6.7736,1.1758,26.4000
41,10,6.5472,1.2030,26.4000
41,11,6.8484,1.2380,26.4000
41,12,6.6371,1.1952,26.4000
41,13,6.7466,1.3507,26.4000
41,14,6.4902,1.1349,26.4000
41,15,6.4433,1.4403,26.4000
41,16,6.8056,1.1046,26.4000
41,17,6.7059,1.2171,26.4000
41,18,6.3770,1.3209,26.4000
41,19,6.5665,1.1922,26.4000
42,0,6.5689,1.2465,26.4000
42,1,6.1896,1.0462,26.4000
42,2,6.6223,1.2823,26.4000
42,3,6.8499,1.1915,26.4000
42,4,6.2808,1.2262,26.4000
42,5,6.7274,1.2330,26.4000
42,6,6.8262,1.2517,26.4000
42,7,6.8682,1.1443,26.4000
42,8,6.6011,1.2399,26.4000
42,9,6.7896,1.1698,26.4000
42,10,6.5171,1.2249,26.4000
42,11,6.8240,1.2015,26.4000
42,12,6.6021,1.2040,26.4000
42,13,6.7518,1.2018,26.4000
42,14,6.5268,1.0928,26.4000
42,15,6.5159,1.2938,26.4000
42,16,6.7325,1.0900,26.4000
42,17,6.6676,1.2166,26.4000
42,18,6.2386,1.4081,26.4000
42,19,6.5675,1.2171,26.4000
43,0,6.4132,1.2429,26.4000
43,1,6.5806,1.0935,26.4000
43,2,6.3381,1.2243,26.4000
43,3,6.9175,1.1982,26.4000
43,4,6.2866,1.2214,26.4000
43,5,6.7274,1.2330,26.4000
43,6,6.8028,1.2552,26.4000
43,7,6.7768,1.1829,26.4000
43,8,6.6969,1.2557,26.4000
43,9,6.8614,1.2000,26.4000
43,10,6.4871,1.2274,26.4000
43,11,6.7325,1.1861,26.4000
43,12,6.6368,1.1929,26.4000
43,13,6.7458,1.2348,26.4000
43,14,6.6515,1.0741,26.4000
43,15,6.6979,1.1860,26.4000
43,16,6.8439,1.1528,26.4000
43,17,6.6470,1.2262,26.4000
43,18,6.4313,1.3488,26.4000
43,19,6.5775,1.2422,26.4000
44,0,6.3870,1.2571,26.4000
44,1,6.5325,1.1796,26.4000
44,2,6.2234,1.2152,26.4000
44,3,6.9187,1.2013,26.4000
44,4,6.5234,1.2134,26.4000
44,5,6.7274,1.2330,26.4000
44,6,6.7716,1.2551,26.4000
44,7,6.7894,1.1665,26.4000
44,8,6.6306,1.2552,26.4000
44,9,6.8035,1.1262,26.4000
44,10,6.6568,1.1955,26.4000
44,11,6.7990,1.2069,26.4000
44,12,6.6205,1.1844,26.4000
44,13,6.7492,1.2937,26.4000
44,14,6.5960,1.0855,26.4000
44,15,6.5249,1.3568,26.4000
44,16,6.8418,1.1947,26.4000
44,17,6.7109,1.2234,26.4000
44,18,6.5738,1.3926,26.4000
44,19,6.6235,1.2396,26.4000
45,0,6.1485,1.2502,26.4000
45,1,6.5466,1.1279,26.4000
45,2,6.3092,1.2881,26.4000
45,3,6.8693,1.1968,26.4000
45,4,6.2987,1.2018,26.4000
45,5,6.7274,1.2330,26.4000
45,6,6.7364,1.2755,26.4000
45,7,6.8069,1.1268,26.4000
45,8,6.6076,1.2795,26.4000
45,9,6.8124,1.0713,26.4000
45,10,6.6903,1.1973,26.4000
45,11,6.8570,1.2241,26.4000
45,12,6.5708,1.1943,26.4000
45,13,6.7357,1.4201,26.4000
45,14,6.4795,1.1326,26.4000
45,15,6.4037,1.4541,26.4000
45,16,6.7697,1.1750,26.4000
45,17,6.7447,1.2261,26.4000
45,18,6.5789,1.5450,26.4000
45,19,6.6692,1.2281,26.4000
46,0,6.1350,1.2501,26.4000
46,1,6.6760,1.1232,26.4000
46,2,6.5381,1.3064,26.4000
46,3,6.8897,1.1857,26.4000
46,4,6.0213,1.2194,26.4000
46,5,6.7274,1.2330,26.4000
46,6,6.7709,1.2626,26.4000
46,7,6.7712,1.0991,26.4000
46,8,6.5602,1.2647,26.4000
46,9,6.8457,1.0636,26.4000
46,10,6.6389,1.2268,26.4000
46,11,6.8370,1.2166,26.4000
46,12,6.6573,1.2296,26.4000
46,13,6.7328,1.4966,26.4000
46,14,6.3412,1.1761,26.4000
46,15,6.3352,1.5211,26.4000
46,16,6.7446,1.1137,26.4000
46,17,6.6994,1.2258,26.4000
46,18,6.4901,1.4399,26.4000
46,19,6.5982,1.1753,26.4000
47,0,6.1455,1.2568,26.4000
47,1,6.6086,1.0808,26.4000
47,2,6.5819,1.2608,26.4000
47,3,6.8727,1.1791,26.4000
47,4,6.3821,1.2290,26.4000
47,5,6.7274,1.2330,26.4000
47,6,6.8606,1.2646,26.4000
47,7,6.7742,1.1817,26.4000
47,8,6.6869,1.2699,26.4000
47,9,6.8164,1.1291,26.4000
47,10,6.5916,1.2421,26.4000
47,11,6.8037,1.2108,26.4000
47,12,6.6076,1.2199,26.4000
47,13,6.7467,1.4624,26.4000
47,14,6.3425,1.1281,26.4000
47,15,6.6676,1.4592,26.4000
47,16,6.8729,1.0982,26.4000
47,17,6.6628,1.2116,26.4000
47,18,6.5426,1.2837,26.4000
47,19,6.5429,1.1598,26.4000
48,0,6.2330,1.2529,26.4000
48,1,6.5744,1.0956,26.4000
48,2,6.4161,1.2312,26.4000
48,3,6.7563,1.2250,26.4000
48,4,6.5030,1.2225,26.4000
48,5,6.7274,1.2330,26.4000
48,6,6.8919,1.2684,26.4000
48,7,6.7824,1.1766,26.4000
48,8,6.6886,1.2545,26.4000
48,9,6.8367,1.2080,26.4000
48,10,6.5213,1.2385,26.4000
48,11,6.7871,1.2134,26.4000
48,12,6.5178,1.2171,26.4000
48,13,6.7427,1.4318,26.4000
48,14,6.4179,1.0247,26.4000
48,15,6.6106,1.4285,26.4000
48,16,6.8705,1.1938,26.4000
48,17,6.6528,1.2059,26.4000
48,18,6.4704,1.4540,26.4000
48,19,6.5491,1.1745,26.4000
49,0,6.5554,1.2333,26.4000
49,1,6.5452,1.0935,26.4000
49,2,6.4219,1.2412,26.4000
49,3,6.8501,1.2366,26.4000
49,4,6.3065,1.2059,26.4000
49,5,6.7274,1.2330,26.4000
49,6,6.8927,1.2556,26.4000
49,7,6.8169,1.1915,26.4000
49,8,6.6730,1.2499,26.4000
49,9,6.8326,1.1386,26.4000
49,10,6.5211,1.1917,26.4000
49,11,6.7777,1.2159,26.4000
49,12,6.4893,1.1895,26.4000
49,13,6.7378,1.5417,26.4000
49,14,6.5463,1.1061,26.4000
49,15,6.5424,1.5195,26.4000
49,16,6.8392,1.1074,26.4000
49,17,6.7042,1.2079,26.4000
49,18,6.4534,1.5416,26.4000
49,19,6.6707,1.2082,26.4000
50,0,6.4276,1.2364,26.4000
50,1,6.4642,1.1519,26.4000
50,2,6.4450,1.2492,26.4000
50,3,6.9131,1.1881,26.4000
50,4,6.3264,1.2037,26.4000
50,5,6.7274,1.2330,26.4000
50,6,6.7732,1.2467,26.4000
50,7,6.8440,1.0885,26.4000
50,8,6.6003,1.2467,26.4000
50,9,6.8764,1.1212,26.4000
50,10,6.6478,1.1835,26.4000
50,11,6.7969,1.2007,26.4000
50,12,6.5221,1.1821,26.4000
50,13,6.7462,1.6007,26.4000
50,14,6.5759,1.1099,26.4000
50,15,6.6108,1.3972,26.4000
50,16,6.8591,1.0813,26.4000
50,17,6.7145,1.2245,26.4000
50,18,6.5088,1.4037,26.4000
50,19,6.5325,1.1964,26.4000
51,0,6.1569,1.2515,26.4000
51,1,6.3815,1.0774,26.4000
51,2,6.5583,1.2636,26.4000
51,3,6.8302,1.1742,26.4000
51,4,6.2747,1.2108,26.4000
51,5,6.7274,1.2330,26.4000
51,6,6.7125,1.2622,26.4000
51,7,6.7915,1.1184,26.4000
51,8,6.6075,1.2579,26.4000
51,9,6.9054,1.1330,26.4000
51,10,6.6860,1.2119,26.4000
51,11,6.7969,1.2045,26.4000
51,12,6.7256,1.1705,26.4000
51,13,6.7381,1.3854,26.4000
51,14,6.2882,1.1550,26.4000
51,15,6.5112,1.3071,26.4000
51,16,6.8215,1.1067,26.4000
51,17,6.6740,1.2218,26.4000
51,18,6.4928,1.4886,26.4000
51,19,6.5140,1.1861,26.4000
52,0,6.2641,1.2497,26.4000
52,1,6.4992,1.0530,26.4000
52,2,6.4728,1.2653,26.4000
52,3,6.8213,1.1916,26.4000
52,4,6.2508,1.2062,26.4000
52,5,6.7274,1.2330,26.4000
52,6,6.7045,1.2791,26.4000
52,7,6.7996,1.2134,26.4000
52,8,6.6639,1.3000,26.4000
52,9,6.8618,1.1997,26.4000
52,10,6.6156,1.2239,26.4000
52,11,6.7822,1.2095,26.4000
52,12,6.7336,1.1831,26.4000
52,13,6.7366,1.3385,26.4000
52,14,6.3443,1.2417,26.4000
52,15,6.4527,1.4819,26.4000
52,16,6.7701,1.1724,26.4000
52,17,6.6636,1.2187,26.4000
52,18,6.6172,1.5548,26.4000
52,19,6.6117,1.1903,26.4000
53,0,6.7085,1.2465,26.4000
53,1,6.4896,1.0239,26.4000
53,2,6.4777,1.2487,26.4000
53,3,6.7946,1.1891,26.4000
53,4,6.1814,1.2128,26.4000
53,5,6.7274,1.2330,26.4000
53,6,6.7544,1.2855,26.4000
53,7,6.7920,1.1981,26.4000
53,8,6.6629,1.3102,26.4000
53,9,6.8293,1.2007,26.4000
53,10,6.5844,1.2278,26.4000
53,11,6.7910,1.2259,26.4000
53,12,6.6742,1.2352,26.4000
53,13,6.7366,1.5066,26.4000
53,14,6.6480,1.1690,26.4000
53,15,6.4046,1.4504,26.4000
53,16,6.7444,1.1641,26.4000
53,17,6.6495,1.2151,26.4000
53,18,6.5652,1.3529,26.4000
53,19,6.4920,1.1876,26.4000
54,0,6.5685,1.2392,26.4000
54,1,6.5372,1.0180,26.4000
54,2,6.4590,1.2599,26.4000
54,3,6.8212,1.1997,26.4000
54,4,6.1671,1.2124,26.4000
54,5,6.7274,1.2330,26.4000
54,6,6.8523,1.2588,26.4000
54,7,6.8071,1.1016,26.4000
54,8,6.7039,1.2364,26.4000
54,9,6.8049,1.2000,26.4000
54,10,6.6555,1.2179,26.4000
54,11,6.7776,1.2259,26.4000
54,12,6.6858,1.2448,26.4000
54,13,6.7460,1.5414,26.4000
54,14,6.4622,1.1452,26.4000
54,15,6.6017,1.3275,26.4000
54,16,6.8468,1.0861,26.4000
54,17,6.6437,1.2211,26.4000
54,18,6.3344,1.2486,26.4000
54,19,6.5561,1.1993,26.4000
55,0,6.3243,1.2549,26.4000
55,1,6.5933,1.0950,26.4000
55,2,6.4512,1.2948,26.4000
55,3,6.7916,1.1788,26.4000
55,4,6.5179,1.2099,26.4000
55,5,6.7274,1.2330,26.4000
55,6,6.8254,1.2509,26.4000
55,7,6.7751,1.0374,26.4000
55,8,6.6511,1.2303,26.4000
55,9,6.8510,1.1663,26.4000
55,10,6.5613,1.2190,26.4000
55,11,6.8066,1.2153,26.4000
55,12,6.7039,1.1969,26.4000
55,13,6.7573,1.4613,26.4000
55,14,6.2277,1.0765,26.4000
55,15,6.5061,1.2795,26.4000
55,16,6.8434,1.0646,26.4000
55,17,6.6754,1.2307,26.4000
55,18,6.3587,1.4026,26.4000
55,19,6.4837,1.2148,26.4000
56,0,6.1074,1.2658,26.4000
56,1,6.6456,1.1657,26.4000
56,2,6.4927,1.2985,26.4000
56,3,6.8665,1.1968,26.4000
56,4,6.4535,1.2153,26.4000
56,5,6.7274,1.2330,26.4000
56,6,6.8099,1.2644,26.4000
56,7,6.7780,1.2018,26.4000
56,8,6.6446,1.2570,26.4000
56,9,6.8597,1.1554,26.4000
56,10,6.4958,1.1986,26.4000
56,11,6.8045,1.2127,26.4000
56,12,6.7103,1.1770,26.4000
56,13,6.7359,1.3164,26.4000
56,14,6.3650,1.1239,26.4000
56,15,6.4418,1.4518,26.4000
56,16,6.8673,1.1409,26.4000
56,17,6.6879,1.2306,26.4000
56,18,6.4192,1.3776,26.4000
56,19,6.4378,1.2377,26.4000
57,0,6.0563,1.2571,26.4000
57,1,6.3866,1.1491,26.4000
57,2,6.6328,1.2910,26.4000
57,3,6.8645,1.2147,26.4000
57,4,6.1894,1.2272,26.4000
57,5,6.7274,1.2330,26.4000
57,6,6.7738,1.2610,26.4000
57,7,6.7787,1.2442,26.4000
57,8,6.6343,1.3003,26.4000
57,9,6.8470,1.1248,26.4000
57,10,6.5859,1.1963,26.4000
57,11,6.7322,1.2036,26.4000
57,12,6.5069,1.1667,26.4000
57,13,6.7380,1.3652,26.4000
57,14,6.7428,1.1716,26.4000
57,15,6.5376,1.5092,26.4000
57,16,6.8542,1.1924,26.4000
57,17,6.6904,1.2159,26.4000
57,18,6.5320,1.3571,26.4000
57,19,6.4336,1.1919,26.4000
58,0,6.2322,1.2563,26.4000
58,1,6.2122,1.0884,26.4000
58,2,6.4630,1.2844,26.4000
58,3,6.8084,1.1795,26.4000
58,4,6.4457,1.2171,26.4000
58,5,6.7274,1.2330,26.4000
58,6,6.8190,1.2837,26.4000
58,7,6.7454,1.1996,26.4000
58,8,6.6880,1.2834,26.4000
58,9,6.8627,1.1651,26.4000
58,10,6.6462,1.2111,26.4000
58,11,6.8050,1.1955,26.4000
58,12,6.4725,1.2196,26.4000
58,13,6.7471,1.5080,26.4000
58,14,6.8584,1.1800,26.4000
58,15,6.6044,1.4436,26.4000
58,16,6.8332,1.1924,26.4000
58,17,6.6846,1.2143,26.4000
58,18,6.5096,1.3189,26.4000
58,19,6.4263,1.1782,26.4000
59,0,6.2935,1.2418,26.4000
59,1,6.1577,1.0902,26.4000
59,2,6.3493,1.2838,26.4000
59,3,6.9073,1.1535,26.4000
59,4,6.5697,1.2072,26.4000
59,5,6.7274,1.2330,26.4000
59,6,6.8781,1.2520,26.4000
59,7,6.7244,1.1311,26.4000
59,8,6.6939,1.2527,26.4000
59,9,6.8742,1.1259,26.4000
59,10,6.5818,1.2198,26.4000
59,11,6.8516,1.1974,26.4000
59,12,6.4769,1.2321,26.4000
59,13,6.7493,1.3838,26.4000
59,14,6.6710,1.0809,26.4000
59,15,6.5747,1.3507,26.4000
59,16,6.7432,1.1943,26.4000
59,17,6.6803,1.2256,26.4000
59,18,6.3993,1.3933,26.4000
59,19,6.4514,1.1996,26.4000
60,0,6.5975,1.2605,26.4000
60,1,6.4678,1.0848,26.4000
60,2,6.6370,1.2528,26.4000
60,3,6.8090,1.1551,26.4000
60,4,6.3543,1.2212,26.4000
60,5,6.7274,1.2330,26.4000
60,6,6.9006,1.2430,26.4000
60,7,6.7370,1.0822,26.4000
60,8,6.6575,1.2690,26.4000
60,9,6.7440,1.1281,26.4000
60,10,6.5459,1.2200,26.4000
60,11,6.8012,1.2087,26.4000
60,12,6.6064,1.2284,26.4000
60,13,6.7338,1.3584,26.4000
60,14,6.2707,1.1626,26.4000
60,15,6.5171,1.3076,26.4000
60,16,6.8575,1.1910,26.4000
60,17,6.7002,1.2210,26.4000
60,18,6.5621,1.3021,26.4000
60,19,6.5570,1.2248,26.4000
61,0,6.3514,1.2739,26.4000
61,1,6.7896,1.0796,26.4000
61,2,6.6957,1.2270,26.4000
61,3,6.8231,1.1893,26.4000
61,4,6.2211,1.2205,26.4000
61,5,6.7274,1.2330,26.4000
61,6,6.7808,1.2384,26.4000
61,7,6.7435,1.1840,26.4000
61,8,6.5911,1.2774,26.4000
61,9,6.7435,1.1996,26.4000
61,10,6.4979,1.2133,26.4000
61,11,6.7543,1.2272,26.4000
61,12,6.5799,1.2010,26.4000
61,13,6.7251,1.5728,26.4000
61,14,6.0872,1.1801,26.4000
61,15,6.5102,1.4324,26.4000
61,16,6.8409,1.1757,26.4000
61,17,6.6799,1.2214,26.4000
61,18,6.5833,1.3574,26.4000
61,19,6.6208,1.1925,26.4000
62,0,6.2803,1.2542,26.4000
62,1,6.7230,1.1572,26.4000
62,2,6.3162,1.2522,26.4000
62,3,6.9274,1.2131,26.4000
62,4,6.4177,1.2231,26.4000
62,5,6.7274,1.2330,26.4000
62,6,6.7683,1.2533,26.4000
62,7,6.7996,1.1642,26.4000
62,8,6.6508,1.2904,26.4000
62,9,6.8943,1.1178,26.4000
62,10,6.5727,1.2060,26.4000
62,11,6.7629,1.2112,26.4000
62,12,6.6354,1.1896,26.4000
62,13,6.7225,1.4427,26.4000
62,14,6.5483,1.1098,26.4000
62,15,6.6074,1.5030,26.4000
62,16,6.8245,1.0742,26.4000
62,17,6.6918,1.2303,26.4000
62,18,6.5473,1.2881,26.4000
62,19,6.6650,1.2140,26.4000
63,0,6.4193,1.2421,26.4000
63,1,6.2671,1.1804,26.4000
63,2,6.4922,1.2839,26.4000
63,3,6.8624,1.2136,26.4000
63,4,6.5771,1.2250,26.4000
63,5,6.7274,1.2330,26.4000
63,6,6.8268,1.2684,26.4000
63,7,6.8257,1.1456,26.4000
63,8,6.7357,1.3035,26.4000
63,9,6.9546,1.0768,26.4000
63,10,6.6609,1.2175,26.4000
63,11,6.7602,1.1988,26.4000
63,12,6.6090,1.2053,26.4000
63,13,6.7270,1.2509,26.4000
63,14,6.8720,1.1446,26.4000
63,15,6.6206,1.5081,26.4000
63,16,6.7793,1.0213,26.4000
63,17,6.6684,1.2238,26.4000
63,18,6.4286,1.4029,26.4000
63,19,6.6608,1.2422,26.4000
64,0,6.5072,1.2565,26.4000
64,1,6.2557,1.0640,26.4000
64,2,6.5398,1.2719,26.4000
64,3,6.8616,1.2255,26.4000
64,4,6.2497,1.2053,26.4000
64,5,6.7274,1.2330,26.4000
64,6,6.8623,1.2777,26.4000
64,7,6.8263,1.1570,26.4000
64,8,6.7378,1.2661,26.4000
64,9,6.9461,1.1740,26.4000
64,10,6.7049,1.2241,26.4000
64,11,6.8172,1.2124,26.4000
64,12,6.6341,1.2204,26.4000
64,13,6.7505,1.2735,26.4000
64,14,6.5877,1.0693,26.4000
64,15,6.4577,1.5016,26.4000
64,16,6.8599,1.1001,26.4000
64,17,6.6466,1.2251,26.4000
64,18,6.4356,1.4951,26.4000
64,19,6.6324,1.2459,26.4000
65,0,6.4824,1.2594,26.4000
65,1,6.4793,0.9984,25.2000
65,2,6.6902,1.2739,26.4000
65,3,6.8382,1.2212,26.4000
65,4,6.4786,1.2222,26.4000
65,5,6.7274,1.2330,26.4000
65,6,6.8377,1.2400,26.4000
65,7,6.8182,1.2180,26.4000
65,8,6.5827,1.2352,26.4000
65,9,6.8986,1.1601,26.4000
65,10,6.5108,1.2085,26.4000
65,11,6.7580,1.2223,26.4000
65,12,6.5319,1.2240,26.4000
65,13,6.7612,1.4964,26.4000
65,14,6.3920,1.1770,26.4000
65,15,6.4749,1.3676,26.4000
65,16,6.9376,1.1561,26.4000
65,17,6.6530,1.2254,26.4000
65,18,6.5845,1.4815,26.4000
65,19,6.5060,1.1813,26.4000
66,0,6.1216,1.2606,26.4000
66,1,6.6497,1.1293,26.4000
66,2,6.7286,1.2813,26.4000
66,3,6.7971,1.1571,26.4000
66,4,6.4427,1.2356,26.4000
66,5,6.7274,1.2330,26.4000
66,6,6.8311,1.2387,26.4000
66,7,6.7889,1.1964,26.4000
66,8,6.5167,1.2399,26.4000
66,9,6.7311,1.1780,26.4000
66,10,6.5709,1.2092,26.4000
66,11,6.7382,1.2159,26.4000
66,12,6.6207,1.2018,26.4000
66,13,6.7550,1.5072,26.4000
66,14,6.3534,1.1863,26.4000
66,15,6.6254,1.2567,26.4000
66,16,6.8327,1.1714,26.4000
66,17,6.7134,1.2217,26.4000
66,18,6.4554,1.4753,26.4000
66,19,6.6234,1.1714,26.4000
67,0,6.2440,1.2498,26.4000
67,1,6.4878,1.1716,26.4000
67,2,6.5507,1.2900,26.4000
67,3,6.8219,1.1748,26.4000
67,4,6.3394,1.2302,26.4000
67,5,6.7274,1.2330,26.4000
67,6,6.7968,1.2458,26.4000
67,7,6.8047,1.1268,26.4000
67,8,6.6673,1.2883,26.4000
67,9,6.8114,1.1377,26.4000
67,10,6.5262,1.2116,26.4000
67,11,6.8319,1.1982,26.4000
67,12,6.5722,1.1767,26.4000
67,13,6.7472,1.3330,26.4000
67,14,6.4938,1.0609,26.4000
67,15,6.5175,1.4056,26.4000
67,16,6.7602,1.0679,26.4000
67,17,6.7246,1.2157,26.4000
67,18,6.4970,1.4247,26.4000
67,19,6.6865,1.1796,26.4000
68,0,6.5090,1.2456,26.4000
68,1,6.4849,1.1518,26.4000
68,2,6.3588,1.2699,26.4000
68,3,6.9012,1.1614,26.4000
68,4,6.2921,1.2245,26.4000
68,5,6.7274,1.2330,26.4000
68,6,6.7357,1.2516,26.4000
68,7,6.8225,1.0652,26.4000
68,8,6.6553,1.2917,26.4000
68,9,6.8546,1.1758,26.4000
68,10,6.5094,1.2167,26.4000
68,11,6.8775,1.2163,26.4000
68,12,6.6258,1.1803,26.4000
68,13,6.7288,1.2452,26.4000
68,14,6.4770,0.9862,25.2000
68,15,6.4756,1.4714,26.4000
68,16,6.8001,1.1352,26.4000
68,17,6.7182,1.2205,26.4000
68,18,6.6380,1.3863,26.4000
68,19,6.7173,1.1898,26.4000
69,0,6.6780,1.2541,26.4000
69,1,6.6202,1.1351,26.4000
69,2,6.2819,1.2664,26.4000
69,3,6.9891,1.1735,26.4000
69,4,6.2457,1.2164,26.4000
69,5,6.7274,1.2330,26.4000
69,6,6.8128,1.2462,26.4000
69,7,6.8285,1.1379,26.4000
69,8,6.6228,1.2716,26.4000
69,9,6.8605,1.2154,26.4000
69,10,6.4970,1.2137,26.4000
69,11,6.7486,1.2160,26.4000
69,12,6.6466,1.1937,26.4000
69,13,6.7340,1.3235,26.4000
69,14,6.5718,1.1400,26.4000
69,15,6.3939,1.4666,26.4000
69,16,6.8941,1.1507,26.4000
69,17,6.7045,1.2230,26.4000
69,18,6.7051,1.4549,26.4000
69,19,6.4684,1.2066,26.4000
70,0,6.3446,1.2636,26.4000
70,1,6.4166,1.0342,26.4000
70,2,6.6511,1.2713,26.4000
70,3,7.0040,1.2045,-1000000000.0000
70,4,6.5229,1.2095,26.4000
70,5,6.7274,1.2330,26.4000
70,6,6.8555,1.2485,26.4000
70,7,6.7769,1.1361,26.4000
70,8,6.6506,1.2758,26.4000
70,9,6.8567,1.2021,26.4000
70,10,6.4799,1.2027,26.4000
70,11,6.6808,1.2163,26.4000
70,12,6.6429,1.1920,26.4000
70,13,6.7430,1.4108,26.4000
70,14,6.4219,1.1706,26.4000
70,15,6.6006,1.4208,26.4000
70,16,6.8709,1.0860,26.4000
70,17,6.6512,1.2161,26.4000
70,18,6.6855,1.5236,26.4000
70,19,6.5282,1.2153,26.4000
71,0,6.1291,1.2514,26.4000
71,1,6.2720,1.0354,26.4000
71,2,6.6599,1.2610,26.4000
71,3,6.7950,1.1898,26.4000
71,4,6.6358,1.2043,26.4000
71,5,6.7274,1.2330,26.4000
71,6,6.7661,1.2741,26.4000
71,7,6.7871,1.1080,26.4000
71,8,6.6255,1.2975,26.4000
71,9,6.7752,1.1153,26.4000
71,10,6.5675,1.1922,26.4000
71,11,6.6986,1.2193,26.4000
71,12,6.5411,1.2001,26.4000
71,13,6.7397,1.5083,26.4000
71,14,6.3175,1.0890,26.4000
71,15,6.5326,1.4236,26.4000
71,16,6.8371,1.0357,26.4000
71,17,6.6279,1.2249,26.4000
71,18,6.4987,1.4347,26.4000
71,19,6.5035,1.2247,26.4000
72,0,6.3576,1.2653,26.4000
72,1,6.3512,1.0850,26.4000
72,2,6.4835,1.2698,26.4000
72,3,6.7209,1.1873,26.4000
72,4,6.2616,1.2193,26.4000
72,5,6.7274,1.2330,26.4000
72,6,6.8034,1.2771,26.4000
72,7,6.7942,1.0684,26.4000
72,8,6.6757,1.2632,26.4000
72,9,6.7470,1.1000,26.4000
72,10,6.7221,1.2034,26.4000
72,11,6.7302,1.2235,26.4000
72,12,6.5227,1.1773,26.4000
72,13,6.7368,1.4806,26.4000
72,14,6.5124,1.0868,26.4000
72,15,6.5476,1.4418,26.4000
72,16,6.7705,1.1037,26.4000
72,17,6.6534,1.2329,26.4000
72,18,6.2712,1.4319,26.4000
72,19,6.5734,1.1838,26.4000
73,0,6.4859,1.2641,26.4000
73,1,6.4807,1.0965,26.4000
73,2,6.2806,1.2898,26.4000
73,3,6.8874,1.1658,26.4000
73,4,6.4486,1.2131,26.4000
73,5,6.7274,1.2330,26.4000
73,6,6.8211,1.2370,26.4000
73,7,6.8598,1.2066,26.4000
73,8,6.6215,1.2568,26.4000
73,9,6.8448,1.1637,26.4000
73,10,6.7689,1.2278,26.4000
73,11,6.8107,1.2321,26.4000
73,12,6.6221,1.1811,26.4000
73,13,6.7357,1.3577,26.4000
73,14,6.4902,1.1846,26.4000
73,15,6.5774,1.5094,26.4000
73,16,6.7797,1.1218,26.4000
73,17,6.7185,1.2191,26.4000
73,18,6.3609,1.3743,26.4000
73,19,6.4491,1.1781,26.4000
74,0,6.4874,1.2686,26.4000
74,1,6.5127,1.0937,26.4000
74,2,6.3455,1.2758,26.4000
74,3,6.9402,1.1785,26.4000
74,4,6.4162,1.2090,26.4000
74,5,6.7274,1.2330,26.4000
74,6,6.8047,1.2221,26.4000
74,7,6.8659,1.2688,26.4000
74,8,6.6124,1.2656,26.4000
74,9,6.8808,1.1600,26.4000
74,10,6.6110,1.2308,26.4000
74,11,6.8520,1.2228,26.4000
74,12,6.6970,1.2084,26.4000
74,13,6.7390,1.4053,26.4000
74,14,6.6255,1.2683,26.4000
74,15,6.4035,1.3268,26.4000
74,16,6.7518,1.1243,26.4000
74,17,6.6839,1.2187,26.4000
74,18,6.5242,1.4081,26.4000
74,19,6.5329,1.1966,26.4000
75,0,6.4262,1.2704,26.4000
75,1,6.6269,1.1072,26.4000
75,2,6.4728,1.2605,26.4000
75,3,6.8696,1.2107,26.4000
75,4,6.4158,1.2048,26.4000
75,5,6.7274,1.2330,26.4000
75,6,6.8026,1.2336,26.4000
75,7,6.8021,1.1793,26.4000
75,8,6.6581,1.2775,26.4000
75,9,6.7832,1.1215,26.4000
75,10,6.6198,1.2010,26.4000
75,11,6.8647,1.2204,26.4000
75,12,6.6454,1.2223,26.4000
75,13,6.7521,1.5170,26.4000
75,14,6.6733,1.2493,26.4000
75,15,6.5363,1.3796,26.4000
75,16,6.7875,1.1082,26.4000
75,17,6.6950,1.2195,26.4000
75,18,6.4347,1.5682,26.4000
75,19,6.5641,1.2108,26.4000
76,0,6.0986,1.2429,26.4000
76,1,6.6897,1.0729,26.4000
76,2,6.4963,1.2564,26.4000
76,3,6.8840,1.2209,26.4000
76,4,6.2372,1.2130,26.4000
76,5,6.7274,1.2330,26.4000
76,6,6.8191,1.2689,26.4000
76,7,6.7741,1.0862,26.4000
76,8,6.6703,1.2632,26.4000
76,9,6.7579,1.1651,26.4000
76,10,6.6393,1.1910,26.4000
76,11,6.8024,1.2153,26.4000
76,12,6.5462,1.2240,26.4000
76,13,6.7342,1.3912,26.4000
76,14,6.4622,1.0147,26.4000
76,15,6.5561,1.5399,26.4000
76,16,6.8486,1.1806,26.4000
76,17,6.6841,1.2283,26.4000
76,18,6.3779,1.3221,26.4000
76,19,6.6604,1.2117,26.4000
77,0,6.3721,1.2230,26.4000
77,1,6.4767,1.0641,26.4000
77,2,6.5580,1.2709,26.4000
77,3,6.8350,1.1770,26.4000
77,4,6.4461,1.2163,26.4000
77,5,6.7274,1.2330,26.4000
77,6,6.8087,1.2725,26.4000
77,7,6.7245,1.1359,26.4000
77,8,6.6209,1.2640,26.4000
77,9,6.7246,1.1566,26.4000
77,10,6.5695,1.2212,26.4000
77,11,6.7615,1.2092,26.4000
77,12,6.4698,1.1802,26.4000
77,13,6.7411,1.3051,26.4000
77,14,6.3239,1.0625,26.4000
77,15,6.6881,1.4280,26.4000
77,16,6.7995,1.1020,26.4000
77,17,6.6739,1.2218,26.4000
77,18,6.3914,1.4432,26.4000
77,19,6.5010,1.1960,26.4000
78,0,6.5822,1.2323,26.4000
78,1,6.3341,1.1002,26.4000
78,2,6.4363,1.2807,26.4000
78,3,6.8156,1.1668,26.4000
78,4,6.6014,1.2182,26.4000
78,5,6.7274,1.2330,26.4000
78,6,6.8407,1.2631,26.4000
78,7,6.7748,1.1594,26.4000
78,8,6.6253,1.2500,26.4000
78,9,6.8681,1.1603,26.4000
78,10,6.5748,1.2156,26.4000
78,11,6.7437,1.2088,26.4000
78,12,6.5275,1.1665,26.4000
78,13,6.7447,1.5302,26.4000
78,14,6.5348,1.0922,26.4000
78,15,6.6684,1.3210,26.4000
78,16,6.7689,1.0559,26.4000
78,17,6.6980,1.2091,26.4000
78,18,6.5226,1.3859,26.4000
78,19,6.5889,1.1951,26.4000
79,0,6.7274,1.2627,26.4000
79,1,6.4761,1.1178,26.4000
79,2,6.3214,1.2549,26.4000
79,3,6.9103,1.1751,26.4000
79,4,6.6511,1.2218,26.4000
79,5,6.7274,1.2330,26.4000
79,6,6.8663,1.2453,26.4000
79,7,6.8388,1.1539,26.4000
79,8,6.6657,1.2914,26.4000
79,9,6.9595,1.2083,26.4000
79,10,6.6461,1.1992,26.4000
79,11,6.7293,1.2103,26.4000
79,12,6.6761,1.1600,26.4000
79,13,6.7546,1.5145,26.4000
79,14,6.7089,1.0818,26.4000
79,15,6.5447,1.3102,26.4000
79,16,6.8680,1.0761,26.4000
79,17,6.7151,1.2072,26.4000
79,18,6.4925,1.2547,26.4000
79,19,6.5799,1.1956,26.4000
80,0,6.6890,1.2773,26.4000
80,1,6.5127,1.0965,26.4000
80,2,6.3891,1.2628,26.4000
80,3,6.8209,1.1704,26.4000
80,4,6.1197,1.2168,26.4000
80,5,6.7274,1.2330,26.4000
80,6,6.8130,1.2625,26.4000
80,7,6.8778,1.0777,26.4000
80,8,6.6417,1.2693,26.4000
80,9,6.7626,1.1840,26.4000
80,10,6.6874,1.2112,26.4000
80,11,6.8177,1.2156,26.4000
80,12,6.7459,1.1851,26.4000
80,13,6.7573,1.3703,26.4000
80,14,6.5455,1.1359,26.4000
80,15,6.4953,1.4551,26.4000
80,16,6.8164,1.2001,26.4000
80,17,6.6722,1.2152,26.4000
80,18,6.2975,1.5054,26.4000
80,19,6.5316,1.1907,26.4000
81,0,6.3387,1.2407,26.4000
81,1,6.6247,1.1397,26.4000
81,2,6.6497,1.2734,26.4000
81,3,6.8276,1.2064,26.4000
81,4,5.9915,1.2126,26.2100
81,5,6.7274,1.2330,26.4000
81,6,6.8127,1.2732,26.4000
81,7,6.7497,1.0866,26.4000
81,8,6.6974,1.2607,26.4000
81,9,6.7047,1.0548,26.4000
81,10,6.5535,1.2121,26.4000
81,11,6.8514,1.2000,26.4000
81,12,6.6119,1.2364,26.4000
81,13,6.7478,1.3869,26.4000
81,14,6.4128,1.1526,26.4000
81,15,6.5852,1.5283,26.4000
81,16,6.7720,1.2020,26.4000
81,17,6.6662,1.2243,26.4000
81,18,6.4088,1.6413,26.4000
81,19,6.4757,1.2015,26.4000
82,0,6.3321,1.2296,26.4000
82,1,6.4206,1.1516,26.4000
82,2,6.5685,1.2884,26.4000
82,3,6.8662,1.2213,26.4000
82,4,5.9778,1.2089,26.2100
82,5,6.7274,1.2330,26.4000
82,6,6.8124,1.2636,26.4000
82,7,6.7672,1.0928,26.4000
82,8,6.6708,1.2661,26.4000
82,9,6.8049,1.0287,26.4000
82,10,6.4890,1.2195,26.4000
82,11,6.7709,1.2002,26.4000
82,12,6.4918,1.2565,26.4000
82,13,6.7439,1.5690,26.4000
82,14,6.4057,1.1054,26.4000
82,15,6.6394,1.3598,26.4000
82,16,6.7233,1.2083,26.4000
82,17,6.6937,1.2223,26.4000
82,18,6.3819,1.6264,26.4000
82,19,6.6205,1.2187,26.4000
83,0,6.4657,1.2398,26.4000
83,1,6.2961,1.1668,26.4000
83,2,6.4601,1.2943,26.4000
83,3,6.8992,1.1675,26.4000
83,4,6.0381,1.2248,26.4000
83,5,6.7274,1.2330,26.4000
83,6,6.8131,1.2615,26.4000
83,7,6.7953,1.1853,26.4000
83,8,6.5866,1.2742,26.4000
83,9,6.8916,1.1397,26.4000
83,10,6.6111,1.2094,26.4000
83,11,6.7156,1.2178,26.4000
83,12,6.5373,1.2083,26.4000
83,13,6.7435,1.6032,26.4000
83,14,6.5456,1.1582,26.4000
83,15,6.4488,1.3370,26.4000
83,16,6.7859,1.1650,26.4000
83,17,6.6711,1.2162,26.4000
83,18,6.3849,1.5834,26.4000
83,19,6.7635,1.2127,26.4000
84,0,6.4757,1.2463,26.4000
84,1,6.3460,1.1660,26.4000
84,2,6.5916,1.2967,26.4000
84,3,6.8260,1.1264,26.4000
84,4,6.1603,1.2336,26.4000
84,5,6.7274,1.2330,26.4000
84,6,6.8169,1.2525,26.4000
84,7,6.7572,1.2150,26.4000
84,8,6.5751,1.2696,26.4000
84,9,6.9093,1.2248,26.4000
84,10,6.5905,1.2051,26.4000
84,11,6.7457,1.2182,26.4000
84,12,6.6820,1.1693,26.4000
84,13,6.7384,1.5576,26.4000
84,14,6.6716,1.1069,26.4000
84,15,6.5738,1.4061,26.4000
84,16,6.8352,1.0982,26.4000
84,17,6.6930,1.2191,26.4000
84,18,6.5394,1.2675,26.4000
84,19,6.7095,1.2199,26.4000
85,0,6.3705,1.2437,26.4000
85,1,6.4275,1.0928,26.4000
85,2,6.4977,1.2438,26.4000
85,3,6.7188,1.1806,26.4000
85,4,6.3585,1.2146,26.4000
85,5,6.7274,1.2330,26.4000
85,6,6.7951,1.2606,26.4000
85,7,6.7377,1.1918,26.4000
85,8,6.6141,1.2482,26.4000
85,9,6.9134,1.1940,26.4000
85,10,6.5413,1.2155,26.4000
85,11,6.8649,1.1993,26.4000
85,12,6.7121,1.1870,26.4000
85,13,6.7291,1.4986,26.4000
85,14,6.7771,1.0694,26.4000
85,15,6.5835,1.4264,26.4000
85,16,6.8214,1.1766,26.4000
85,17,6.6973,1.2188,26.4000
85,18,6.4504,1.2468,26.4000
85,19,6.6136,1.2266,26.4000
86,0,6.5864,1.2484,26.4000
86,1,6.5918,1.1017,26.4000
86,2,6.5037,1.2521,26.4000
86,3,6.8671,1.1869,26.4000
86,4,6.2587,1.1904,26.4000
86,5,6.7274,1.2330,26.4000
86,6,6.7640,1.2487,26.4000
86,7,6.7516,1.1587,26.4000
86,8,6.6245,1.2497,26.4000
86,9,6.8071,1.0758,26.4000
86,10,6.6104,1.2185,26.4000
86,11,6.7790,1.1968,26.4000
86,12,6.7264,1.2168,26.4000
86,13,6.7320,1.2828,26.4000
86,14,6.5556,1.1519,26.4000
86,15,6.6005,1.5544,26.4000
86,16,6.8005,1.1389,26.4000
86,17,6.6754,1.2224,26.4000
86,18,6.4086,1.3754,26.4000
86,19,6.5889,1.2212,26.4000
87,0,6.3779,1.2699,26.4000
87,1,6.5334,1.1421,26.4000
87,2,6.5325,1.2776,26.4000
87,3,6.9498,1.1636,26.4000
87,4,6.1967,1.2158,26.4000
87,5,6.7274,1.2330,26.4000
87,6,6.7918,1.2424,26.4000
87,7,6.7677,1.1395,26.4000
87,8,6.6123,1.2518,26.4000
87,9,6.7464,1.0378,26.4000
87,10,6.6221,1.2069,26.4000
87,11,6.7153,1.1964,26.4000
87,12,6.7211,1.1855,26.4000
87,13,6.7371,1.3171,26.4000
87,14,6.4147,1.1861,26.4000
87,15,6.5818,1.4483,26.4000
87,16,6.8627,1.1515,26.4000
87,17,6.6619,1.2186,26.4000
87,18,6.5344,1.3921,26.4000
87,19,6.6126,1.1882,26.4000
88,0,6.3619,1.2559,26.4000
88,1,6.3365,1.1302,26.4000
88,2,6.3100,1.2765,26.4000
88,3,7.0000,1.1744,26.4000
88,4,6.3638,1.2351,26.4000
88,5,6.7274,1.2330,26.4000
88,6,6.8415,1.2692,26.4000
88,7,6.7680,1.1558,26.4000
88,8,6.7111,1.2540,26.4000
88,9,6.7109,1.0244,26.4000
88,10,6.5371,1.2083,26.4000
88,11,6.7485,1.2144,26.4000
88,12,6.5289,1.1880,26.4000
88,13,6.7526,1.4136,26.4000
88,14,6.2940,1.1190,26.4000
88,15,6.4548,1.3009,26.4000
88,16,6.8059,1.1141,26.4000
88,17,6.7010,1.2186,26.4000
88,18,6.6664,1.4675,26.4000
88,19,6.6749,1.2118,26.4000
89,0,6.3173,1.2460,26.4000
89,1,6.5328,1.1378,26.4000
89,2,6.4940,1.2681,26.4000
89,3,6.9047,1.1810,26.4000
89,4,6.7498,1.2274,26.4000
89,5,6.7274,1.2330,26.4000
89,6,6.7939,1.2771,26.4000
89,7,6.7685,1.1948,26.4000
89,8,6.7706,1.2537,26.4000
89,9,6.8088,1.1450,26.4000
89,10,6.5392,1.2313,26.4000
89,11,6.7561,1.2222,26.4000
89,12,6.5275,1.1777,26.4000
89,13,6.7451,1.3768,26.4000
89,14,6.4659,1.0775,26.4000
89,15,6.4241,1.3522,26.4000
89,16,6.8386,1.0977,26.4000
89,17,6.6881,1.2310,26.4000
89,18,6.6667,1.5780,26.4000
89,19,6.5321,1.2132,26.4000
90,0,6.5760,1.2345,26.4000
90,1,6.5091,1.1991,26.4000
90,2,6.4646,1.2801,26.4000
90,3,6.8666,1.1915,26.4000
90,4,6.3664,1.1991,26.4000
90,5,6.7274,1.2330,26.4000
90,6,6.7475,1.2507,26.4000
90,7,6.7944,1.1606,26.4000
90,8,6.6840,1.2712,26.4000
90,9,6.8858,1.1788,26.4000
90,10,6.6306,1.2172,26.4000
90,11,6.8181,1.2058,26.4000
90,12,6.6554,1.2253,26.4000
90,13,6.7359,1.4687,26.4000
90,14,6.7938,1.1126,26.4000
90,15,6.4065,1.4156,26.4000
90,16,6.9095,1.1762,26.4000
90,17,6.6965,1.2246,26.4000
90,18,6.6553,1.4134,26.4000
90,19,6.5237,1.2220,26.4000
91,0,6.6182,1.2472,26.4000
91,1,6.4178,1.1634,26.4000
91,2,6.6019,1.2578,26.4000
91,3,6.8447,1.2155,26.4000
91,4,5.8415,1.1862,26.2100
91,5,6.7274,1.2330,26.4000
91,6,6.7940,1.2329,26.4000
91,7,6.8248,1.1648,26.4000
91,8,6.6093,1.2925,26.4000
91,9,6.9115,1.2264,26.4000
91,10,6.5404,1.2140,26.4000
91,11,6.7784,1.1893,26.4000
91,12,6.6194,1.2406,26.4000
91,13,6.7406,1.4412,26.4000
91,14,6.5629,1.1519,26.4000
91,15,6.5704,1.4366,26.4000
91,16,6.7855,1.1421,26.4000
91,17,6.7171,1.2087,26.4000
91,18,6.6619,1.4932,26.4000
91,19,6.6572,1.2275,26.4000
92,0,6.5795,1.2481,26.4000
92,1,6.3654,1.1416,26.4000
92,2,6.4938,1.2340,26.4000
92,3,6.8355,1.1889,26.4000
92,4,5.9727,1.2001,26.2100
92,5,6.7274,1.2330,26.4000
92,6,6.7997,1.2351,26.4000
92,7,6.8028,1.1782,26.4000
92,8,6.5672,1.2616,26.4000
92,9,6.8367,1.1835,26.4000
92,10,6.5681,1.2164,26.4000
92,11,6.7618,1.2176,26.4000
92,12,6.5815,1.2393,26.4000
92,13,6.7505,1.3005,26.4000
92,14,6.3373,1.2201,26.4000
92,15,6.6623,1.2766,26.4000
92,16,6.7864,1.0970,26.4000
92,17,6.6891,1.2186,26.4000
92,18,6.5596,1.5247,26.4000
92,19,6.5325,1.1844,26.4000
93,0,6.5268,1.2549,26.4000
93,1,6.6431,1.0993,26.4000
93,2,6.4058,1.2748,26.4000
93,3,6.8152,1.1605,26.4000
93,4,6.1029,1.2309,26.4000
93,5,6.7274,1.2330,26.4000
93,6,6.7742,1.2592,26.4000
93,7,6.8099,1.1856,26.4000
93,8,6.6226,1.2456,26.4000
93,9,6.7568,1.0604,26.4000
93,10,6.6711,1.2130,26.4000
93,11,6.7935,1.2215,26.4000
93,12,6.5666,1.2080,26.4000
93,13,6.7357,1.4296,26.4000
93,14,6.2922,1.1422,26.4000
93,15,6.5478,1.2901,26.4000
93,16,6.7603,1.1246,26.4000
93,17,6.6676,1.2265,26.4000
93,18,6.5530,1.4092,26.4000
93,19,6.4218,1.1982,26.4000
94,0,6.4848,1.2438,26.4000
94,1,6.6971,1.1699,26.4000
94,2,6.6451,1.2680,26.4000
94,3,6.8441,1.1930,26.4000
94,4,6.3288,1.2334,26.4000
94,5,6.7274,1.2330,26.4000
94,6,6.7908,1.2575,26.4000
94,7,6.7862,1.1416,26.4000
94,8,6.6457,1.2403,26.4000
94,9,6.7826,1.1016,26.4000
94,10,6.6688,1.2234,26.4000
94,11,6.8127,1.2095,26.4000
94,12,6.5433,1.1676,26.4000
94,13,6.7269,1.5770,26.4000
94,14,6.3250,1.1266,26.4000
94,15,6.5112,1.5563,26.4000
94,16,6.8114,1.1673,26.4000
94,17,6.6564,1.2269,26.4000
94,18,6.4950,1.3744,26.4000
94,19,6.5182,1.2076,26.4000
95,0,6.2235,1.2437,26.4000
95,1,6.5725,1.2365,26.4000
95,2,6.6066,1.2702,26.4000
95,3,6.8432,1.2038,26.4000
95,4,6.5264,1.2206,26.4000
95,5,6.7274,1.2330,26.4000
95,6,6.8301,1.2398,26.4000
95,7,6.7537,1.1794,26.4000
95,8,6.6532,1.2583,26.4000
95,9,6.8852,1.1383,26.4000
95,10,6.5500,1.2238,26.4000
95,11,6.7424,1.2060,26.4000
95,12,6.6418,1.2090,26.4000
95,13,6.7384,1.5496,26.4000
95,14,6.3955,1.1449,26.4000
95,15,6.4077,1.7183,26.4000
95,16,6.8719,1.1069,26.4000
95,17,6.6832,1.2157,26.4000
95,18,6.4095,1.4047,26.4000
95,19,6.7269,1.1973,26.4000
96,0,6.0397,1.2588,26.4000
96,1,6.4077,1.1489,26.4000
96,2,6.3411,1.2577,26.4000
96,3,6.8979,1.1827,26.4000
96,4,6.4391,1.2036,26.4000
96,5,6.7274,1.2330,26.4000
96,6,6.8072,1.2357,26.4000
96,7,6.8057,1.1363,26.4000
96,8,6.6665,1.2662,26.4000
96,9,6.7879,1.0805,26.4000
96,10,6.4666,1.2081,26.4000
96,11,6.7370,1.2242,26.4000
96,12,6.6738,1.2329,26.4000
96,13,6.7439,1.5419,26.4000
96,14,6.4955,1.2204,26.4000
96,15,6.5615,1.5842,26.4000
96,16,6.8277,1.0665,26.4000
96,17,6.6889,1.2256,26.4000
96,18,6.5148,1.5096,26.4000
96,19,6.5897,1.1944,26.4000
97,0,6.4719,1.2728,26.4000
97,1,6.3484,1.0892,26.4000
97,2,6.2876,1.2356,26.4000
97,3,6.9894,1.2178,26.4000
97,4,6.2622,1.1967,26.4000
97,5,6.7274,1.2330,26.4000
97,6,6.7688,1.2568,26.4000
97,7,6.7678,1.0656,26.4000
97,8,6.6497,1.2596,26.4000
97,9,6.8235,1.0638,26.4000
97,10,6.6653,1.2061,26.4000
97,11,6.7366,1.2143,26.4000
97,12,6.6509,1.1978,26.4000
97,13,6.7453,1.3838,26.4000
97,14,6.5024,1.2235,26.4000
97,15,6.5622,1.1886,26.4000
97,16,6.8674,1.1587,26.4000
97,17,6.6847,1.2342,26.4000
97,18,6.6232,1.4374,26.4000
97,19,6.5354,1.2077,26.4000
98,0,6.5570,1.2433,26.4000
98,1,6.4967,1.0386,26.4000
98,2,6.6356,1.2255,26.4000
98,3,6.7845,1.2177,26.4000
98,4,6.1941,1.2238,26.4000
98,5,6.7274,1.2330,26.4000
98,6,6.7726,1.2778,26.4000
98,7,6.8355,1.1761,26.4000
98,8,6.5952,1.2791,26.4000
98,9,6.8194,1.0829,26.4000
98,10,6.7592,1.2011,26.4000
98,11,6.8114,1.2031,26.4000
98,12,6.6439,1.1911,26.4000
98,13,6.7448,1.2547,26.4000
98,14,6.5135,1.2070,26.4000
98,15,6.3729,1.3147,26.4000
98,16,6.8663,1.2361,26.4000
98,17,6.6539,1.2341,26.4000
98,18,6.4631,1.3548,26.4000
98,19,6.4175,1.2108,26.4000
99,0,6.4380,1.2225,26.4000
99,1,6.4224,1.1604,26.4000
99,2,6.7814,1.2655,26.4000
99,3,6.7734,1.2194,26.4000
99,4,6.2269,1.2349,26.4000
99,5,6.7274,1.2330,26.4000
99,6,6.7582,1.2842,26.4000
99,7,6.7813,1.2418,26.4000
99,8,6.5827,1.2738,26.4000
99,9,6.8014,1.1921,26.4000
99,10,6.7475,1.2156,26.4000
99,11,6.7814,1.2005,26.4000
99,12,6.6168,1.2016,26.4000
99,13,6.7443,1.1949,26.4000
99,14,6.5494,1.1595,26.4000
99,15,6.4896,1.4904,26.4000
99,16,6.7310,1.1105,26.4000
99,17,6.6553,1.2237,26.4000
99,18,6.3837,1.4033,26.4000
99,19,6.6029,1.1959,26.4000
100,0,6.4876,1.2446,26.4000
100,1,6.5202,1.2431,26.4000
100,2,6.7640,1.2677,26.4000
100,3,6.7487,1.1593,26.4000
100,4,6.4898,1.2136,26.4000
100,5,6.7274,1.2330,26.4000
100,6,6.7856,1.2581,26.4000
100,7,6.7709,1.2279,26.4000
100,8,6.6547,1.2800,26.4000
100,9,6.8025,1.2515,26.4000
100,10,6.6019,1.2111,26.4000
100,11,6.7751,1.2043,26.4000
100,12,6.5609,1.2014,26.4000
100,13,6.7308,1.5687,26.4000
100,14,6.4757,1.1753,26.4000
100,15,6.4972,1.5698,26.4000
100,16,6.8507,1.0043,26.4000
100,17,6.7183,1.2146,26.4000
100,18,6.4436,1.4326,26.4000
100,19,6.7043,1.2114,26.4000
101,0,6.4873,1.2542,26.4000
101,1,6.4455,1.2051,26.4000
101,2,6.6577,1.2774,26.4000
101,3,6.9016,1.1784,26.4000
101,4,6.3164,1.1978,26.4000
101,5,6.7274,1.2330,26.4000
101,6,6.8169,1.2312,26.4000
101,7,6.8321,1.1528,26.4000
101,8,6.7317,1.2503,26.4000
101,9,6.8708,1.1940,26.4000
101,10,6.4976,1.2205,26.4000
101,11,6.8133,1.2198,26.4000
101,12,6.5146,1.2265,26.4000
101,13,6.7309,1.7671,26.4000
101,14,6.4433,1.0965,26.4000
101,15,6.4188,1.3394,26.4000
101,16,6.9691,1.1615,26.4000
101,17,6.7132,1.2126,26.4000
101,18,6.2907,1.3126,26.4000
101,19,6.6083,1.2121,26.4000
102,0,6.3720,1.2630,26.4000
102,1,6.4970,1.1760,26.4000
102,2,6.6323,1.2523,26.4000
102,3,6.9985,1.2127,26.4000
102,4,6.3035,1.2192,26.4000
102,5,6.7274,1.2330,26.4000
102,6,6.8253,1.2279,26.4000
102,7,6.8304,1.1232,26.4000
102,8,6.7537,1.2532,26.4000
102,9,6.8355,1.0881,26.4000
102,10,6.4483,1.2248,26.4000
102,11,6.7692,1.2328,26.4000
102,12,6.6553,1.2071,26.4000
102,13,6.7353,1.3581,26.4000
102,14,6.5110,1.0196,26.4000
102,15,6.4442,1.3822,26.4000
102,16,6.9506,1.1615,26.4000
102,17,6.6692,1.2113,26.4000
102,18,6.4254,1.2976,26.4000
102,19,6.5305,1.2099,26.4000
103,0,6.2630,1.2538,26.4000
103,1,6.5160,1.0972,26.4000
103,2,6.4651,1.2543,26.4000
103,3,6.9631,1.1920,26.4000
103,4,6.3732,1.2185,26.4000
103,5,6.7274,1.2330,26.4000
103,6,6.7950,1.2876,26.4000
103,7,6.7830,1.1169,26.4000
103,8,6.6323,1.2451,26.4000
103,9,6.7871,1.1655,26.4000
103,10,6.6186,1.2152,26.4000
103,11,6.8125,1.2375,26.4000
103,12,6.6497,1.1912,26.4000
103,13,6.7418,1.2260,26.4000
103,14,6.6405,1.0622,26.4000
103,15,6.5844,1.4555,26.4000
103,16,6.7271,1.1261,26.4000
103,17,6.6684,1.2182,26.4000
103,18,6.6700,1.5719,26.4000
103,19,6.5585,1.2096,26.4000
104,0,6.5396,1.2521,26.4000
104,1,6.3916,1.1707,26.4000
104,2,6.4782,1.2650,26.4000
104,3,6.9473,1.1607,26.4000
104,4,6.1906,1.2084,26.4000
104,5,6.7274,1.2330,26.4000
104,6,6.7737,1.2943,26.4000
104,7,6.7793,1.1292,26.4000
104,8,6.5741,1.2581,26.4000
104,9,6.8006,1.1137,26.4000
104,10,6.6765,1.2182,26.4000
104,11,6.8362,1.2370,26.4000
104,12,6.6464,1.1797,26.4000
104,13,6.7359,1.1985,26.4000
104,14,6.4881,1.1093,26.4000
104,15,6.5611,1.5391,26.4000
104,16,6.7800,1.1314,26.4000
104,17,6.6677,1.2213,26.4000
104,18,6.7657,1.5977,26.4000
104,19,6.4612,1.1995,26.4000
105,0,6.4713,1.2532,26.4000
105,1,6.3737,1.2212,26.4000
105,2,6.4646,1.2820,26.4000
105,3,6.7593,1.1846,26.4000
105,4,6.1419,1.2081,26.4000
105,5,6.7274,1.2330,26.4000
105,6,6.7745,1.2329,26.4000
105,7,6.7815,1.2248,26.4000
105,8,6.5736,1.2543,26.4000
105,9,6.8818,1.0556,26.4000
105,10,6.6327,1.2141,26.4000
105,11,6.7970,1.2001,26.4000
105,12,6.5736,1.1704,26.4000
105,13,6.7462,1.4207,26.4000
105,14,6.3542,1.2239,26.4000
105,15,6.4614,1.5071,26.4000
105,16,6.8378,1.0725,26.4000
105,17,6.6995,1.2212,26.4000
105,18,6.6800,1.4289,26.4000
105,19,6.4532,1.1854,26.4000
106,0,6.1342,1.2403,26.4000
106,1,6.5632,1.0464,26.4000
106,2,6.7047,1.2620,26.4000
106,3,6.6726,1.1938,26.4000
106,4,6.5950,1.2060,26.4000
106,5,6.7274,1.2330,26.4000
106,6,6.8647,1.2257,26.4000
106,7,6.7657,1.2296,26.4000
106,8,6.6143,1.2923,26.4000
106,9,6.7878,1.0582,26.4000
106,10,6.5240,1.1964,26.4000
106,11,6.7478,1.2058,26.4000
106,12,6.5649,1.1906,26.4000
106,13,6.7396,1.4581,26.4000
106,14,6.5784,1.2857,26.4000
106,15,6.4064,1.4046,26.4000
106,16,6.8524,1.1792,26.4000
106,17,6.7066,1.2260,26.4000
106,18,6.4765,1.2598,26.4000
106,19,6.4604,1.1828,26.4000
107,0,5.9582,1.2523,26.2100
107,1,6.3926,0.9714,25.2000
107,2,6.4583,1.2570,26.4000
107,3,6.8013,1.2020,26.4000
107,4,6.2575,1.2198,26.4000
107,5,6.7274,1.2330,26.4000
107,6,6.8423,1.2394,26.4000
107,7,6.7885,1.0959,26.4000
107,8,6.6950,1.3217,26.4000
107,9,6.8152,1.1418,26.4000
107,10,6.6039,1.2167,26.4000
107,11,6.7278,1.2104,26.4000
107,12,6.5561,1.1921,26.4000
107,13,6.7311,1.5141,26.4000
107,14,6.7215,1.0607,26.4000
107,15,6.5330,1.2964,26.4000
107,16,6.8446,1.1707,26.4000
107,17,6.7122,1.2279,26.4000
107,18,6.2907,1.2855,26.4000
107,19,6.5443,1.2112,26.4000
108,0,6.2824,1.2620,26.4000
108,1,6.4487,1.0711,26.4000
108,2,6.4868,1.2461,26.4000
108,3,6.8710,1.1833,26.4000
108,4,6.0864,1.2229,26.4000
108,5,6.7274,1.2330,26.4000
108,6,6.8301,1.2807,26.4000
108,7,6.8109,1.0189,26.4000
108,8,6.7615,1.3061,26.4000
108,9,6.7978,1.1850,26.4000
108,10,6.6909,1.2271,26.4000
108,11,6.8126,1.2222,26.4000
108,12,6.6190,1.2036,26.4000
108,13,6.7292,1.5553,26.4000
108,14,6.7487,1.0622,26.4000
108,15,6.5262,1.4626,26.4000
108,16,6.7734,1.0916,26.4000
108,17,6.6890,1.2246,26.4000
108,18,6.5399,1.5785,26.4000
108,19,6.6177,1.1897,26.4000
109,0,6.4471,1.2625,26.4000
109,1,6.5200,1.2561,26.4000
109,2,6.4963,1.2695,26.4000
109,3,6.9276,1.1775,26.4000
109,4,6.0320,1.2100,26.4000
109,5,6.7274,1.2330,26.4000
109,6,6.7785,1.2989,26.4000
109,7,6.8021,1.0227,26.4000
109,8,6.7043,1.2816,26.4000
109,9,6.7543,1.2243,26.4000
109,10,6.6728,1.2207,26.4000
109,11,6.8230,1.2191,26.4000
109,12,6.6096,1.1934,26.4000
109,13,6.7385,1.4875,26.4000
109,14,6.5962,1.1250,26.4000
109,15,6.4546,1.5567,26.4000
109,16,6.7430,1.0540,26.4000
109,17,6.6745,1.2224,26.4000
109,18,6.5651,1.6856,26.4000
109,19,6.6406,1.2005,26.4000
110,0,6.4823,1.2634,26.4000
110,1,6.6370,1.2528,26.4000
110,2,6.6549,1.2988,26.4000
110,3,6.8864,1.1836,26.4000
110,4,6.6829,1.2010,26.4000
110,5,6.7274,1.2330,26.4000
110,6,6.7739,1.2735,26.4000
110,7,6.7745,1.2053,26.4000
110,8,6.6761,1.2844,26.4000
110,9,6.8558,1.1749,26.4000
110,10,6.4800,1.1940,26.4000
110,11,6.8086,1.2026,26.4000
110,12,6.5844,1.1820,26.4000
110,13,6.7478,1.4769,26.4000
110,14,6.2101,1.1202,26.4000
110,15,6.5763,1.3827,26.4000
110,16,6.7474,1.1999,26.4000
110,17,6.6784,1.2191,26.4000
110,18,6.5612,1.6607,26.4000
110,19,6.6645,1.2191,26.4000
111,0,6.6658,1.2413,26.4000
111,1,6.5067,1.2029,26.4000
111,2,6.5982,1.3012,26.4000
111,3,6.7813,1.1961,26.4000
111,4,6.5560,1.2150,26.4000
111,5,6.7274,1.2330,26.4000
111,6,6.7722,1.2401,26.4000
111,7,6.7836,1.2765,26.4000
111,8,6.6089,1.2954,26.4000
111,9,6.8346,1.1201,26.4000
111,10,6.5005,1.1843,26.4000
111,11,6.7427,1.1883,26.4000
111,12,6.6081,1.1803,26.4000
111,13,6.7440,1.4241,26.4000
111,14,6.0603,1.2065,26.4000
111,15,6.5283,1.4030,26.4000
111,16,6.8399,1.2637,26.4000
111,17,6.7260,1.2148,26.4000
111,18,6.4146,1.2474,26.4000
111,19,6.4506,1.1930,26.4000
112,0,6.7579,1.2542,26.4000
112,1,6.5023,1.0357,26.4000
112,2,6.5206,1.2786,26.4000
112,3,6.8088,1.2143,26.4000
112,4,6.4476,1.2091,26.4000
112,5,6.7274,1.2330,26.4000
112,6,6.8414,1.2190,26.4000
112,7,6.7363,1.2229,26.4000
112,8,6.5581,1.2449,26.4000
112,9,6.8714,1.0927,26.4000
112,10,6.7138,1.2106,26.4000
112,11,6.8162,1.1971,26.4000
112,12,6.5750,1.2020,26.4000
112,13,6.7363,1.4967,26.4000
112,14,6.5901,1.2187,26.4000
112,15,6.4641,1.3717,26.4000
112,16,6.8833,1.1579,26.4000
112,17,6.6891,1.2229,26.4000
112,18,6.3299,1.1728,26.4000
112,19,6.5633,1.1955,26.4000
113,0,6.5353,1.2474,26.4000
113,1,6.6114,1.0676,26.4000
113,2,6.3294,1.2498,26.4000
113,3,6.9543,1.2190,26.4000
113,4,6.3100,1.2143,26.4000
113,5,6.7274,1.2330,26.4000
113,6,6.8056,1.2533,26.4000
113,7,6.7921,1.0884,26.4000
113,8,6.6604,1.2642,26.4000
113,9,6.8104,1.1243,26.4000
113,10,6.8267,1.2379,26.4000
113,11,6.8312,1.2100,26.4000
113,12,6.6437,1.1863,26.4000
113,13,6.7461,1.5101,26.4000
113,14,6.6033,1.1070,26.4000
113,15,6.4877,1.5162,26.4000
113,16,6.8351,1.1473,26.4000
113,17,6.6600,1.2228,26.4000
113,18,6.5182,1.1869,26.4000
113,19,6.6782,1.2052,26.4000
114,0,6.3553,1.2567,26.4000
114,1,6.5766,1.1088,26.4000
114,2,6.2715,1.2339,26.4000
114,3,6.8733,1.2179,26.4000
114,4,6.3519,1.2142,26.4000
114,5,6.7274,1.2330,26.4000
114,6,6.7732,1.2758,26.4000
114,7,6.8098,1.1143,26.4000
114,8,6.6146,1.2976,26.4000
114,9,6.8038,1.1287,26.4000
114,10,6.6005,1.2273,26.4000
114,11,6.7731,1.2171,26.4000
114,12,6.6950,1.2024,26.4000
114,13,6.7374,1.4689,26.4000
114,14,6.4084,1.0580,26.4000
114,15,6.6596,1.4994,26.4000
114,16,6.7198,1.1217,26.4000
114,17,6.6656,1.2178,26.4000
114,18,6.6888,1.6080,26.4000
114,19,6.7270,1.2130,26.4000
115,0,6.3401,1.2554,26.4000
115,1,6.5347,1.1344,26.4000
115,2,6.5412,1.2605,26.4000
115,3,6.8030,1.2202,26.4000
115,4,6.4821,1.2250,26.4000
115,5,6.7274,1.2330,26.4000
115,6,6.7846,1.2647,26.4000
115,7,6.7640,1.1437,26.4000
115,8,6.6794,1.2796,26.4000
115,9,6.8063,1.1469,26.4000
115,10,6.5028,1.2085,26.4000
115,11,6.7160,1.2179,26.4000
115,12,6.6662,1.2152,26.4000
115,13,6.7361,1.4980,26.4000
115,14,6.3431,1.1045,26.4000
115,15,6.7780,1.4245,26.4000
115,16,6.8116,1.0604,26.4000
115,17,6.7099,1.2107,26.4000
115,18,6.7595,1.7865,26.4000
115,19,6.7159,1.2037,26.4000
116,0,6.6207,1.2526,26.4000
116,1,6.4603,1.1138,26.4000
116,2,6.6165,1.2675,26.4000
116,3,6.8187,1.2176,26.4000
116,4,6.7789,1.2184,26.4000
116,5,6.7274,1.2330,26.4000
116,6,6.8377,1.2462,26.4000
116,7,6.8242,1.1373,26.4000
116,8,6.6997,1.2548,26.4000
116,9,6.8405,1.1375,26.4000
116,10,6.4707,1.1941,26.4000
116,11,6.7926,1.2219,26.4000
116,12,6.6154,1.1834,26.4000
116,13,6.7353,1.3717,26.4000
116,14,6.5099,1.1382,26.4000
116,15,6.8082,1.4695,26.4000
116,16,6.8726,1.1067,26.4000
116,17,6.7213,1.2274,26.4000
116,18,6.2779,1.3145,26.4000
116,19,6.4071,1.1990,26.4000
117,0,6.2782,1.2613,26.4000
117,1,6.4637,1.1155,26.4000
117,2,6.7237,1.2846,26.4000
117,3,6.7999,1.2033,26.4000
117,4,6.2038,1.2184,26.4000
117,5,6.7274,1.2330,26.4000
117,6,6.8628,1.2633,26.4000
117,7,6.8447,1.1066,26.4000
117,8,6.6467,1.2454,26.4000
117,9,6.8873,1.1486,26.4000
117,10,6.5626,1.1914,26.4000
117,11,6.8516,1.2096,26.4000
117,12,6.5879,1.1961,26.4000
117,13,6.7502,1.2694,26.4000
117,14,6.7006,1.1243,26.4000
117,15,6.6535,1.3586,26.4000
117,16,6.8254,1.1360,26.4000
117,17,6.7267,1.2313,26.4000
117,18,6.1392,1.1076,26.4000
117,19,6.5626,1.2050,26.4000
118,0,6.0474,1.2510,26.4000
118,1,6.5151,1.1956,26.4000
118,2,6.6120,1.2698,26.4000
118,3,6.9017,1.1928,26.4000
118,4,6.2640,1.2094,26.4000
118,5,6.7274,1.2330,26.4000
118,6,6.7462,1.2584,26.4000
118,7,6.7626,1.1686,26.4000
118,8,6.6674,1.2569,26.4000
118,9,6.8428,1.1756,26.4000
118,10,6.6926,1.2097,26.4000
118,11,6.8335,1.1928,26.4000
118,12,6.6340,1.1983,26.4000
118,13,6.7497,1.4086,26.4000
118,14,6.6150,1.0742,26.4000
118,15,6.5064,1.2856,26.4000
118,16,6.8457,1.0820,26.4000
118,17,6.6556,1.2194,26.4000
118,18,6.5941,1.5300,26.4000
118,19,6.7484,1.1947,26.4000
119,0,6.2963,1.2469,26.4000
119,1,6.4350,1.0823,26.4000
119,2,6.3405,1.2764,26.4000
119,3,6.8645,1.1996,26.4000
119,4,6.3836,1.2135,26.4000
119,5,6.7274,1.2330,26.4000
119,6,6.7218,1.2436,26.4000
119,7,6.7455,1.1686,26.4000
119,8,6.6880,1.2975,26.4000
119,9,6.7614,1.1181,26.4000
119,10,6.6711,1.2218,26.4000
119,11,6.7307,1.2163,26.4000
119,12,6.6344,1.2246,26.4000
119,13,6.7318,1.4876,26.4000
119,14,6.3531,1.0473,26.4000
119,15,6.5669,1.2712,26.4000
119,16,6.7744,1.1462,26.4000
119,17,6.6388,1.2044,26.4000
119,18,6.5912,1.7299,26.4000
119,19,6.7119,1.1962,26.4000
120,0,6.4501,1.2581,26.4000
120,1,6.6423,1.1204,26.4000
120,2,6.2810,1.2656,26.4000
120,3,6.9189,1.1772,26.4000
120,4,6.5132,1.2306,26.4000
120,5,6.7274,1.2330,26.4000
120,6,6.7903,1.2580,26.4000
120,7,6.7759,1.1534,26.4000
120,8,6.5838,1.2615,26.4000
120,9,6.7203,1.0647,26.4000
120,10,6.6427,1.2127,26.4000
120,11,6.6956,1.2186,26.4000
120,12,6.5910,1.2250,26.4000
120,13,6.7428,1.4344,26.4000
120,14,6.4824,1.1064,26.4000
120,15,6.5874,1.2513,26.4000
120,16,6.8436,1.2182,26.4000
120,17,6.6573,1.2006,26.4000
120,18,6.6619,1.6517,26.4000
120,19,6.6120,1.1876,26.4000
121,0,6.4959,1.2546,26.4000
121,1,6.7173,1.1441,26.4000
121,2,6.4892,1.2641,26.4000
121,3,6.8252,1.1814,26.4000
121,4,6.4497,1.2318,26.4000
121,5,6.7274,1.2330,26.4000
121,6,6.8048,1.2523,26.4000
121,7,6.8172,1.1285,26.4000
121,8,6.5705,1.2294,26.4000
121,9,6.7849,1.0904,26.4000
121,10,6.6986,1.1995,26.4000
121,11,6.8114,1.2033,26.4000
121,12,6.6645,1.2138,26.4000
121,13,6.7425,1.4070,26.4000
121,14,6.6507,1.2474,26.4000
121,15,6.6256,1.3845,26.4000
121,16,6.8107,1.1195,26.4000
121,17,6.6669,1.2151,26.4000
121,18,6.3428,1.3113,26.4000
121,19,6.4525,1.2187,26.4000
122,0,6.4242,1.2557,26.4000
122,1,6.4727,1.2146,26.4000
122,2,6.6095,1.2735,26.4000
122,3,6.7549,1.1820,26.4000
122,4,6.4750,1.1991,26.4000
122,5,6.7274,1.2330,26.4000
122,6,6.8369,1.2745,26.4000
122,7,6.8022,1.1876,26.4000
122,8,6.5939,1.2533,26.4000
122,9,6.8979,1.1117,26.4000
122,10,6.4978,1.1908,26.4000
122,11,6.8725,1.2141,26.4000
122,12,6.6118,1.2044,26.4000
122,13,6.7336,1.3233,26.4000
122,14,6.3794,1.2573,26.4000
122,15,6.6905,1.4467,26.4000
122,16,6.8953,1.1465,26.4000
122,17,6.6981,1.2354,26.4000
122,18,6.3868,1.3272,26.4000
122,19,6.4172,1.2270,26.4000
123,0,6.3835,1.2545,26.4000
123,1,6.3446,1.1619,26.4000
123,2,6.5996,1.2749,26.4000
123,3,6.7735,1.1830,26.4000
123,4,6.4545,1.1876,26.4000
123,5,6.7274,1.2330,26.4000
123,6,6.8077,1.2547,26.4000
123,7,6.8279,1.1490,26.4000
123,8,6.6270,1.2953,26.4000
123,9,6.9040,1.2376,26.4000
123,10,6.5904,1.2002,26.4000
123,11,6.7786,1.2191,26.4000
123,12,6.6046,1.1907,26.4000
123,13,6.7400,1.5011,26.4000
123,14,6.4868,1.1208,26.4000
123,15,6.7071,1.3952,26.4000
123,16,6.8714,1.1078,26.4000
123,17,6.6936,1.2375,26.4000
123,18,6.5587,1.3077,26.4000
123,19,6.6063,1.2166,26.4000
124,0,6.3185,1.2655,26.4000
124,1,6.4846,1.0429,26.4000
124,2,6.4716,1.2601,26.4000
124,3,6.8388,1.1813,26.4000
124,4,6.2695,1.1987,26.4000
124,5,6.7274,1.2330,26.4000
124,6,6.7879,1.2331,26.4000
124,7,6.7786,1.0881,26.4000
124,8,6.6392,1.2869,26.4000
124,9,6.9094,1.1760,26.4000
124,10,6.7450,1.2260,26.4000
124,11,6.7689,1.2027,26.4000
124,12,6.5685,1.1880,26.4000
124,13,6.7466,1.6083,26.4000
124,14,6.5464,1.0592,26.4000
124,15,6.4089,1.3995,26.4000
124,16,6.8949,1.1960,26.4000
124,17,6.7177,1.2189,26.4000
124,18,6.5410,1.5132,26.4000
124,19,6.6990,1.2113,26.4000
125,0,6.5508,1.2722,26.4000
125,1,6.5900,1.1079,26.4000
125,2,6.4164,1.2351,26.4000
125,3,6.9066,1.1953,26.4000
125,4,6.2031,1.2246,26.4000
125,5,6.7274,1.2330,26.4000
125,6,6.8078,1.2585,26.4000
125,7,6.7629,1.1461,26.4000
125,8,6.6148,1.2964,26.4000
125,9,6.8864,1.0810,26.4000
125,10,6.5764,1.2366,26.4000
125,11,6.7765,1.1944,26.4000
125,12,6.5517,1.1751,26.4000
125,13,6.7436,1.5441,26.4000
125,14,6.6362,1.1501,26.4000
125,15,6.2865,1.3493,26.4000
125,16,6.8677,1.0970,26.4000
125,17,6.7048,1.2070,26.4000
125,18,6.5404,1.4534,26.4000
125,19,6.6916,1.1800,26.4000
126,0,6.6359,1.2490,26.4000
126,1,6.3803,1.0658,26.4000
126,2,6.5948,1.2271,26.4000
126,3,6.8918,1.1877,26.4000
126,4,6.2259,1.2329,26.4000
126,5,6.7274,1.2330,26.4000
126,6,6.8226,1.2601,26.4000
126,7,6.7777,1.2225,26.4000
126,8,6.5764,1.2542,26.4000
126,9,6.8503,1.1166,26.4000
126,10,6.4014,1.2357,26.4000
126,11,6.8091,1.2127,26.4000
126,12,6.5312,1.1770,26.4000
126,13,6.7328,1.3232,26.4000
126,14,6.6538,1.1461,26.4000
126,15,6.5876,1.3029,26.4000
126,16,6.8085,1.1167,26.4000
126,17,6.6682,1.2148,26.4000
126,18,6.4975,1.2526,26.4000
126,19,6.4843,1.1990,26.4000
127,0,6.4433,1.2467,26.4000
127,1,6.4682,1.0841,26.4000
127,2,6.4319,1.2845,26.4000
127,3,6.8075,1.1980,26.4000
127,4,6.5751,1.2206,26.4000
127,5,6.7274,1.2330,26.4000
127,6,6.8003,1.2527,26.4000
127,7,6.8290,1.2413,26.4000
127,8,6.5490,1.2277,26.4000
127,9,6.8037,1.1887,26.4000
127,10,6.6605,1.1965,26.4000
127,11,6.8160,1.2145,26.4000
127,12,6.6878,1.1809,26.4000
127,13,6.7352,1.3214,26.4000
127,14,6.6944,1.0733,26.4000
127,15,6.7604,1.3909,26.4000
127,16,6.8100,1.1478,26.4000
127,17,6.6724,1.2129,26.4000
127,18,6.5578,1.3592,26.4000
127,19,6.3674,1.2243,26.4000
128,0,6.4513,1.2400,26.4000
128,1,6.4994,1.1521,26.4000
128,2,6.4036,1.3034,26.4000
128,3,6.9022,1.2239,26.4000
128,4,6.2609,1.2142,26.4000
128,5,6.7274,1.2330,26.4000
128,6,6.7881,1.2649,26.4000
128,7,6.8476,1.2356,26.4000
128,8,6.5527,1.2521,26.4000
128,9,6.8382,1.1269,26.4000
128,10,6.7796,1.1814,26.4000
128,11,6.8519,1.2118,26.4000
128,12,6.6720,1.2046,26.4000
128,13,6.7353,1.5690,26.4000
128,14,6.5204,1.0995,26.4000
128,15,6.5623,1.5386,26.4000
128,16,6.8780,1.1530,26.4000
128,17,6.6791,1.2158,26.4000
128,18,6.4588,1.4636,26.4000
128,19,6.5002,1.2094,26.4000
129,0,6.4826,1.2526,26.4000
129,1,6.5650,1.1325,26.4000
129,2,6.4486,1.2572,26.4000
129,3,6.8450,1.1779,26.4000
129,4,5.9041,1.2019,26.2100
129,5,6.7274,1.2330,26.4000
129,6,6.8015,1.2652,26.4000
129,7,6.8381,1.1007,26.4000
129,8,6.6300,1.2942,26.4000
129,9,6.8786,1.0900,26.4000
129,10,6.5793,1.2073,26.4000
129,11,6.7860,1.2037,26.4000
129,12,6.5496,1.2252,26.4000
129,13,6.7395,1.5658,26.4000
129,14,6.3297,1.1434,26.4000
129,15,6.4393,1.3978,26.4000
129,16,6.7807,1.1645,26.4000
129,17,6.6838,1.2175,26.4000
129,18,6.2682,1.5208,26.4000
129,19,6.5734,1.1896,26.4000
130,0,6.2677,1.2639,26.4000
130,1,6.6517,1.1099,26.4000
130,2,6.7132,1.2231,26.4000
130,3,6.8598,1.1415,26.4000
130,4,6.3276,1.2213,26.4000
130,5,6.7274,1.2330,26.4000
130,6,6.8186,1.2462,26.4000
130,7,6.7280,1.1338,26.4000
130,8,6.7419,1.2985,26.4000
130,9,6.7689,1.1303,26.4000
130,10,6.4424,1.2324,26.4000
130,11,6.7663,1.2031,26.4000
130,12,6.6345,1.2229,26.4000
130,13,6.7470,1.4158,26.4000
130,14,6.4586,1.1514,26.4000
130,15,6.4895,1.4078,26.4000
130,16,6.7952,1.2281,26.4000
130,17,6.6946,1.2298,26.4000
130,18,6.4669,1.4011,26.4000
130,19,6.5596,1.1805,26.4000
131,0,6.2721,1.2463,26.4000
131,1,6.5163,1.1434,26.4000
131,2,6.6504,1.2672,26.4000
131,3,6.7780,1.1912,26.4000
131,4,6.5526,1.2161,26.4000
131,5,6.7274,1.2330,26.4000
131,6,6.8021,1.2545,26.4000
131,7,6.8021,1.1539,26.4000
131,8,6.6029,1.2617,26.4000
131,9,6.8003,1.1445,26.4000
131,10,6.4179,1.2375,26.4000
131,11,6.8034,1.2211,26.4000
131,12,6.6219,1.2274,26.4000
131,13,6.7522,1.4323,26.4000
131,14,6.4224,1.1583,26.4000
131,15,6.5750,1.2849,26.4000
131,16,6.8677,1.1950,26.4000
131,17,6.6939,1.2279,26.4000
131,18,6.5541,1.3998,26.4000
131,19,6.6019,1.1918,26.4000
132,0,6.5607,1.2308,26.4000
132,1,6.4365,1.1928,26.4000
132,2,6.6017,1.3046,26.4000
132,3,6.8092,1.1872,26.4000
132,4,6.2976,1.2111,26.4000
132,5,6.7274,1.2330,26.4000
132,6,6.8313,1.2686,26.4000
132,7,6.8793,1.1431,26.4000
132,8,6.5772,1.2315,26.4000
132,9,6.8640,1.1726,26.4000
132,10,6.5010,1.2359,26.4000
132,11,6.8039,1.2099,26.4000
132,12,6.5322,1.1759,26.4000
132,13,6.7313,1.3691,26.4000
132,14,6.4994,1.1098,26.4000
132,15,6.4501,1.2387,26.4000
132,16,6.8406,1.0443,26.4000
132,17,6.7070,1.2100,26.4000
132,18,6.5022,1.3458,26.4000
132,19,6.4967,1.2219,26.4000
133,0,6.4692,1.2442,26.4000
133,1,6.6226,1.1318,26.4000
133,2,6.3987,1.2741,26.4000
133,3,6.9363,1.2059,26.4000
133,4,6.1903,1.2118,26.4000
133,5,6.7274,1.2330,26.4000
133,6,6.8159,1.2609,26.4000
133,7,6.7540,1.1494,26.4000
133,8,6.6990,1.2376,26.4000
133,9,6.8360,1.1548,26.4000
133,10,6.6536,1.2250,26.4000
133,11,6.7749,1.2002,26.4000
133,12,6.6405,1.1761,26.4000
133,13,6.7372,1.3513,26.4000
133,14,6.4835,1.0814,26.4000
133,15,6.6472,1.5262,26.4000
133,16,6.8881,1.1077,26.4000
133,17,6.6657,1.2234,26.4000
133,18,6.3823,1.4890,26.4000
133,19,6.5845,1.2008,26.4000
134,0,6.2801,1.2510,26.4000
134,1,6.4499,1.1160,26.4000
134,2,6.4357,1.2747,26.4000
134,3,6.9062,1.2143,26.4000
134,4,6.0185,1.2187,26.4000
134,5,6.7274,1.2330,26.4000
134,6,6.7679,1.2580,26.4000
134,7,6.7045,1.1406,26.4000
134,8,6.6813,1.2489,26.4000
134,9,6.8453,1.0959,26.4000
134,10,6.7622,1.2069,26.4000
134,11,6.7355,1.2238,26.4000
134,12,6.6306,1.1796,26.4000
134,13,6.7461,1.3106,26.4000
134,14,6.4325,1.1557,26.4000
134,15,6.5869,1.6526,26.4000
134,16,6.8120,1.1569,26.4000
134,17,6.6842,1.2304,26.4000
134,18,6.5256,1.4137,26.4000
134,19,6.5749,1.1952,26.4000
135,0,6.1992,1.2564,26.4000
135,1,6.5523,1.0816,26.4000
135,2,6.4202,1.2924,26.4000
135,3,6.8413,1.2096,26.4000
135,4,5.9566,1.2285,26.2100
135,5,6.7274,1.2330,26.4000
135,6,6.8066,1.2602,26.4000
135,7,6.7267,1.1794,26.4000
135,8,6.6661,1.2667,26.4000
135,9,6.8280,1.0642,26.4000
135,10,6.5381,1.2086,26.4000
135,11,6.7569,1.2394,26.4000
135,12,6.5511,1.1972,26.4000
135,13,6.7529,1.4020,26.4000
135,14,6.2907,1.0970,26.4000
135,15,6.6248,1.4104,26.4000
135,16,6.8701,1.1988,26.4000
135,17,6.6757,1.2327,26.4000
135,18,6.6636,1.3358,26.4000
135,19,6.6094,1.2155,26.4000
136,0,6.3857,1.2420,26.4000
136,1,6.5558,1.1121,26.4000
136,2,6.5632,1.2504,26.4000
136,3,6.9022,1.1913,26.4000
136,4,6.6681,1.2202,26.4000
136,5,6.7274,1.2330,26.4000
136,6,6.7600,1.2765,26.4000
136,7,6.7786,1.1333,26.4000
136,8,6.5898,1.2942,26.4000
136,9,6.8140,1.0847,26.4000
136,10,6.5551,1.2103,26.4000
136,11,6.8332,1.2099,26.4000
136,12,6.5326,1.2353,26.4000
136,13,6.7396,1.4717,26.4000
136,14,6.2078,1.1747,26.4000
136,15,6.6437,1.3095,26.4000
136,16,6.8644,1.0858,26.4000
136,17,6.6892,1.2270,26.4000
136,18,6.6731,1.4301,26.4000
136,19,6.6498,1.2323,26.4000
137,0,6.3501,1.2451,26.4000
137,1,6.4453,1.1138,26.4000
137,2,6.5898,1.2363,26.4000
137,3,6.9123,1.1862,26.4000
137,4,6.6434,1.2071,26.4000
137,5,6.7274,1.2330,26.4000
137,6,6.7588,1.2663,26.4000
137,7,6.8701,1.1566,26.4000
137,8,6.6247,1.2956,26.4000
137,9,6.7734,1.0827,26.4000
137,10,6.5234,1.1975,26.4000
137,11,6.8297,1.1839,26.4000
137,12,6.5690,1.2032,26.4000
137,13,6.7290,1.4267,26.4000
137,14,6.5574,1.2054,26.4000
137,15,6.4014,1.4739,26.4000
137,16,6.7868,1.0501,26.4000
137,17,6.6746,1.2206,26.4000
137,18,6.4926,1.4087,26.4000
137,19,6.5036,1.1837,26.4000
138,0,6.3915,1.2544,26.4000
138,1,6.3200,1.1115,26.4000
138,2,6.3808,1.2295,26.4000
138,3,6.7802,1.1599,26.4000
138,4,6.1723,1.2086,26.4000
138,5,6.7274,1.2330,26.4000
138,6,6.7513,1.2305,26.4000
138,7,6.9140,1.1859,26.4000
138,8,6.6854,1.2885,26.4000
138,9,6.8493,1.1536,26.4000
138,10,6.6434,1.1975,26.4000
138,11,6.8246,1.2026,26.4000
138,12,6.6831,1.1898,26.4000
138,13,6.7418,1.2965,26.4000
138,14,6.4976,1.0785,26.4000
138,15,6.3953,1.5567,26.4000
138,16,6.7890,1.0936,26.4000
138,17,6.6701,1.2176,26.4000
138,18,6.4635,1.2951,26.4000
138,19,6.5220,1.1625,26.4000
139,0,6.4384,1.2598,26.4000
139,1,6.5251,1.1886,26.4000
139,2,6.6014,1.2896,26.4000
139,3,6.7870,1.1971,26.4000
139,4,6.2734,1.2159,26.4000
139,5,6.7274,1.2330,26.4000
139,6,6.7880,1.2520,26.4000
139,7,6.8902,1.2226,26.4000
139,8,6.6365,1.2586,26.4000
139,9,6.8721,1.1849,26.4000
139,10,6.6807,1.2160,26.4000
139,11,6.8054,1.2227,26.4000
139,12,6.5899,1.1929,26.4000
139,13,6.7531,1.3986,26.4000
139,14,6.3363,1.0282,26.4000
139,15,6.4319,1.5991,26.4000
139,16,6.8827,1.2195,26.4000
139,17,6.7147,1.2218,26.4000
139,18,6.4300,1.2607,26.4000
139,19,6.5991,1.1793,26.4000
140,0,6.3301,1.2583,26.4000
140,1,6.5099,1.1446,26.4000
140,2,6.5608,1.3170,26.4000
140,3,6.9040,1.2225,26.4000
140,4,6.5298,1.2106,26.4000
140,5,6.7274,1.2330,26.4000
140,6,6.8324,1.2739,26.4000
140,7,6.8083,1.1739,26.4000
140,8,6.6394,1.2608,26.4000
140,9,6.8494,1.1385,26.4000
140,10,6.6885,1.2259,26.4000
140,11,6.7287,1.2272,26.4000
140,12,6.4649,1.2213,26.4000
140,13,6.7407,1.4853,26.4000
140,14,6.2886,1.1893,26.4000
140,15,6.5219,1.3855,26.4000
140,16,6.9349,1.1832,26.4000
140,17,6.6960,1.2300,26.4000
140,18,6.5477,1.4856,26.4000
140,19,6.4964,1.2243,26.4000
141,0,6.5770,1.2601,26.4000
141,1,6.3982,1.0161,26.4000
141,2,6.5639,1.2438,26.4000
141,3,6.9012,1.1901,26.4000
141,4,6.3786,1.2036,26.4000
141,5,6.7274,1.2330,26.4000
141,6,6.7934,1.2562,26.4000
141,7,6.7766,1.1261,26.4000
141,8,6.6371,1.2739,26.4000
141,9,6.7827,1.0952,26.4000
141,10,6.5961,1.2152,26.4000
141,11,6.7607,1.2035,26.4000
141,12,6.5472,1.2070,26.4000
141,13,6.7318,1.4949,26.4000
141,14,6.4450,1.2992,26.4000
141,15,6.5926,1.2749,26.4000
141,16,6.7541,1.1904,26.4000
141,17,6.6611,1.2281,26.4000
141,18,6.5781,1.5032,26.4000
141,19,6.5219,1.2092,26.4000
142,0,6.2994,1.2607,26.4000
142,1,6.3908,1.0717,26.4000
142,2,6.5045,1.2252,26.4000
142,3,6.8038,1.1854,26.4000
142,4,6.2848,1.2005,26.4000
142,5,6.7274,1.2330,26.4000
142,6,6.7952,1.2531,26.4000
142,7,6.7719,1.1243,26.4000
142,8,6.6588,1.2695,26.4000
142,9,6.7525,1.1614,26.4000
142,10,6.5090,1.1956,26.4000
142,11,6.7997,1.2100,26.4000
142,12,6.6250,1.2076,26.4000
142,13,6.7346,1.4406,26.4000
142,14,6.6916,1.1499,26.4000
142,15,6.7276,1.4297,26.4000
142,16,6.7778,1.1608,26.4000
142,17,6.6916,1.2176,26.4000
142,18,6.4685,1.3425,26.4000
142,19,6.6094,1.1867,26.4000
143,0,6.1345,1.2448,26.4000
143,1,6.5394,1.1834,26.4000
143,2,6.5670,1.2183,26.4000
143,3,6.7743,1.1556,26.4000
143,4,6.4195,1.2248,26.4000
143,5,6.7274,1.2330,26.4000
143,6,6.7833,1.2595,26.4000
143,7,6.7565,1.1429,26.4000
143,8,6.5715,1.2667,26.4000
143,9,6.8339,1.1657,26.4000
143,10,6.6476,1.2022,26.4000
143,11,6.8371,1.2180,26.4000
143,12,6.6494,1.2116,26.4000
143,13,6.7363,1.4519,26.4000
143,14,6.6769,1.0592,26.4000
143,15,6.5827,1.4564,26.4000
143,16,6.8172,1.1320,26.4000
143,17,6.6921,1.2169,26.4000
143,18,6.3374,1.2295,26.4000
143,19,6.7095,1.2083,26.4000
144,0,6.1239,1.2490,26.4000
144,1,6.7195,1.1737,26.4000
144,2,6.4583,1.2289,26.4000
144,3,6.8137,1.1930,26.4000
144,4,6.2058,1.2214,26.4000
144,5,6.7274,1.2330,26.4000
144,6,6.7915,1.2440,26.4000
144,7,6.8004,1.1198,26.4000
144,8,6.6321,1.2692,26.4000
144,9,6.8297,1.1486,26.4000
144,10,6.6335,1.2106,26.4000
144,11,6.8014,1.2013,26.4000
144,12,6.5887,1.1870,26.4000
144,13,6.7373,1.4002,26.4000
144,14,6.5848,1.1504,26.4000
144,15,6.3748,1.2945,26.4000
144,16,6.8176,1.1761,26.4000
144,17,6.7102,1.2126,26.4000
144,18,6.4611,1.2770,26.4000
144,19,6.6974,1.2381,26.4000
145,0,6.0966,1.2492,26.4000
145,1,6.6475,1.0596,26.4000
145,2,6.4855,1.2715,26.4000
145,3,6.7985,1.2154,26.4000
145,4,6.2904,1.2223,26.4000
145,5,6.7274,1.2330,26.4000
145,6,6.7726,1.2329,26.4000
145,7,6.8127,1.1758,26.4000
145,8,6.6672,1.2786,26.4000
145,9,6.8185,1.1329,26.4000
145,10,6.6413,1.2168,26.4000
145,11,6.7434,1.2208,26.4000
145,12,6.5432,1.1989,26.4000
145,13,6.7528,1.4738,26.4000
145,14,6.6138,1.2007,26.4000
145,15,6.5777,1.2674,26.4000
145,16,6.8236,1.2316,26.4000
145,17,6.6726,1.2140,26.4000
145,18,6.6742,1.5069,26.4000
145,19,6.5248,1.2144,26.4000
146,0,6.1350,1.2530,26.4000
146,1,6.5618,1.0624,26.4000
146,2,6.5091,1.2801,26.4000
146,3,6.8669,1.2158,26.4000
146,4,6.4706,1.2086,26.4000
146,5,6.7274,1.2330,26.4000
146,6,6.7972,1.2658,26.4000
146,7,6.8294,1.2390,26.4000
146,8,6.6854,1.2670,26.4000
146,9,6.7761,1.1243,26.4000
146,10,6.6335,1.2132,26.4000
146,11,6.7195,1.2163,26.4000
146,12,6.5212,1.2112,26.4000
146,13,6.7422,1.5456,26.4000
146,14,6.3795,1.2064,26.4000
146,15,6.5521,1.3540,26.4000
146,16,6.7518,1.1072,26.4000
146,17,6.6877,1.2178,26.4000
146,18,6.3906,1.6369,26.4000
146,19,6.4380,1.2014,26.4000
147,0,6.6674,1.2621,26.4000
147,1,6.3630,1.1265,26.4000
147,2,6.5194,1.2743,26.4000
147,3,6.9344,1.2077,26.4000
147,4,6.4648,1.1982,26.4000
147,5,6.7274,1.2330,26.4000
147,6,6.7481,1.2828,26.4000
147,7,6.8021,1.1006,26.4000
147,8,6.6384,1.2671,26.4000
147,9,6.8133,1.0881,26.4000
147,10,6.6638,1.2042,26.4000
147,11,6.7434,1.2229,26.4000
147,12,6.6029,1.1881,26.4000
147,13,6.7438,1.3028,26.4000
147,14,6.4333,1.1985,26.4000
147,15,6.5041,1.4146,26.4000
147,16,6.7922,1.0089,26.4000
147,17,6.7043,1.2264,26.4000
147,18,6.4518,1.3938,26.4000
147,19,6.5870,1.2080,26.4000
148,0,6.8080,1.2680,26.4000
148,1,6.2873,1.1828,26.4000
148,2,6.4166,1.2478,26.4000
148,3,6.9645,1.1870,26.4000
148,4,6.2390,1.2037,26.4000
148,5,6.7274,1.2330,26.4000
148,6,6.7443,1.2473,26.4000
148,7,6.7649,1.1231,26.4000
148,8,6.5807,1.2390,26.4000
148,9,6.8575,1.0716,26.4000
148,10,6.6429,1.2121,26.4000
148,11,6.7473,1.2140,26.4000
148,12,6.7071,1.2004,26.4000
148,13,6.7438,1.2773,26.4000
148,14,6.5651,1.1314,26.4000
148,15,6.5959,1.4484,26.4000
148,16,6.8280,1.1221,26.4000
148,17,6.6929,1.2164,26.4000
148,18,6.6161,1.3740,26.4000
148,19,6.6462,1.2205,26.4000
149,0,6.6394,1.2538,26.4000
149,1,6.6185,1.2315,26.4000
149,2,6.4258,1.2361,26.4000
149,3,6.8773,1.1874,26.4000
149,4,6.3605,1.2119,26.4000
149,5,6.7274,1.2330,26.4000
149,6,6.7489,1.2255,26.4000
149,7,6.7950,1.2206,26.4000
149,8,6.6223,1.2520,26.4000
149,9,6.8421,1.1057,26.4000
149,10,6.6571,1.2152,26.4000
149,11,6.8363,1.2145,26.4000
149,12,6.7233,1.2233,26.4000
149,13,6.7393,1.3340,26.4000
149,14,6.5199,1.0362,26.4000
149,15,6.4677,1.3556,26.4000
149,16,6.8575,1.1948,26.4000
149,17,6.6983,1.2099,26.4000
149,18,6.3782,1.4236,26.4000
149,19,6.5164,1.2137,26.4000
150,0,6.5804,1.2513,26.4000
150,1,6.5449,1.1512,26.4000
150,2,6.4848,1.2696,26.4000
150,3,6.7360,1.1737,26.4000
150,4,6.4913,1.2225,26.4000
150,5,6.7274,1.2330,26.4000
150,6,6.7632,1.2727,26.4000
150,7,6.8303,1.1503,26.4000
150,8,6.6040,1.2921,26.4000
150,9,6.7926,1.1193,26.4000
150,10,6.5472,1.2122,26.4000
150,11,6.8585,1.2014,26.4000
150,12,6.5183,1.1791,26.4000
150,13,6.7306,1.3434,26.4000
150,14,6.6203,1.1740,26.4000
150,15,6.3780,1.4523,26.4000
150,16,6.8096,1.2191,26.4000
150,17,6.7147,1.2227,26.4000
150,18,6.3602,1.4185,26.4000
150,19,6.4612,1.2212,26.4000
151,0,6.1702,1.2516,26.4000
151,1,6.4727,1.0765,26.4000
151,2,6.4487,1.2806,26.4000
151,3,6.7855,1.2101,26.4000
151,4,6.5091,1.2224,26.4000
151,5,6.7274,1.2330,26.4000
151,6,6.8086,1.2834,26.4000
151,7,6.8625,1.0997,26.4000
151,8,6.6411,1.2591,26.4000
151,9,6.7849,1.1580,26.4000
151,10,6.5030,1.2130,26.4000
151,11,6.7424,1.1979,26.4000
151,12,6.5805,1.1935,26.4000
151,13,6.7473,1.5473,26.4000
151,14,6.4238,1.2480,26.4000
151,15,6.5277,1.4070,26.4000
151,16,6.7927,1.0804,26.4000
151,17,6.6979,1.2235,26.4000
151,18,6.4534,1.2865,26.4000
151,19,6.5743,1.2320,26.4000
152,0,6.3780,1.2594,26.4000
152,1,6.4472,1.0905,26.4000
152,2,6.6296,1.2763,26.4000
152,3,6.8765,1.2319,26.4000
152,4,6.0729,1.2223,26.4000
152,5,6.7274,1.2330,26.4000
152,6,6.8320,1.2664,26.4000
152,7,6.7526,1.0937,26.4000
152,8,6.6723,1.2528,26.4000
152,9,6.8385,1.1500,26.4000
152,10,6.5654,1.2272,26.4000
152,11,6.7171,1.2030,26.4000
152,12,6.6884,1.2034,26.4000
152,13,6.7441,1.6555,26.4000
152,14,6.4885,1.1350,26.4000
152,15,6.6861,1.3609,26.4000
152,16,6.8545,1.0508,26.4000
152,17,6.6424,1.2199,26.4000
152,18,6.6051,1.2774,26.4000
152,19,6.5832,1.2286,26.4000
153,0,6.5731,1.2506,26.4000
153,1,6.3654,1.1552,26.4000
153,2,6.4747,1.2752,26.4000
153,3,6.8220,1.1953,26.4000
153,4,6.0536,1.2099,26.4000
153,5,6.7274,1.2330,26.4000
153,6,6.8598,1.2666,26.4000
153,7,6.6968,1.1002,26.4000
153,8,6.6060,1.2771,26.4000
153,9,6.8582,1.1315,26.4000
153,10,6.6677,1.2365,26.4000
153,11,6.7705,1.2272,26.4000
153,12,6.5735,1.1996,26.4000
153,13,6.7413,1.5307,26.4000
153,14,6.3965,1.0915,26.4000
153,15,6.4624,1.4386,26.4000
153,16,6.8158,1.0475,26.4000
153,17,6.6439,1.2155,26.4000
153,18,6.4659,1.5743,26.4000
153,19,6.6149,1.2141,26.4000
154,0,6.7727,1.2516,26.4000
154,1,6.6602,1.1011,26.4000
154,2,6.3301,1.2450,26.4000
154,3,6.7813,1.1545,26.4000
154,4,6.3257,1.2058,26.4000
154,5,6.7274,1.2330,26.4000
154,6,6.7624,1.2706,26.4000
154,7,6.7581,1.1529,26.4000
154,8,6.5673,1.2896,26.4000
154,9,6.7604,1.0961,26.4000
154,10,6.6326,1.2262,26.4000
154,11,6.8442,1.2431,26.4000
154,12,6.5474,1.2042,26.4000
154,13,6.7359,1.3324,26.4000
154,14,6.4844,1.1064,26.4000
154,15,6.4557,1.4618,26.4000
154,16,6.7361,1.1468,26.4000
154,17,6.6948,1.2135,26.4000
154,18,6.2673,1.5759,26.4000
154,19,6.5653,1.2183,26.4000
155,0,6.5372,1.2509,26.4000
155,1,6.8319,1.1037,26.4000
155,2,6.5925,1.2323,26.4000
155,3,6.8999,1.2036,26.4000
155,4,6.1958,1.2213,26.4000
155,5,6.7274,1.2330,26.4000
155,6,6.7692,1.2520,26.4000
155,7,6.7863,1.1767,26.4000
155,8,6.6768,1.2970,26.4000
155,9,6.8072,1.1330,26.4000
155,10,6.5208,1.1925,26.4000
155,11,6.8559,1.2329,26.4000
155,12,6.6579,1.2306,26.4000
155,13,6.7334,1.2557,26.4000
155,14,6.4561,1.1633,26.4000
155,15,6.5266,1.4880,26.4000
155,16,6.7210,1.2252,26.4000
155,17,6.7303,1.2283,26.4000
155,18,6.2880,1.5204,26.4000
155,19,6.5499,1.2147,26.4000
156,0,6.3316,1.2569,26.4000
156,1,6.4921,1.1146,26.4000
156,2,6.7482,1.2307,26.4000
156,3,6.8716,1.2008,26.4000
156,4,6.2273,1.2247,26.4000
156,5,6.7274,1.2330,26.4000
156,6,6.8514,1.2627,26.4000
156,7,6.7914,1.1777,26.4000
156,8,6.6374,1.2676,26.4000
156,9,6.8330,1.1386,26.4000
156,10,6.6348,1.1923,26.4000
156,11,6.7726,1.1978,26.4000
156,12,6.5731,1.1949,26.4000
156,13,6.7402,1.3349,26.4000
156,14,6.4298,1.2133,26.4000
156,15,6.5567,1.4270,26.4000
156,16,6.8357,1.1217,26.4000
156,17,6.7141,1.2304,26.4000
156,18,6.4397,1.2861,26.4000
156,19,6.6582,1.2096,26.4000
157,0,6.1646,1.2601,26.4000
157,1,6.5131,1.0808,26.4000
157,2,6.7176,1.2391,26.4000
157,3,6.8941,1.2004,26.4000
157,4,6.6421,1.2019,26.4000
157,5,6.7274,1.2330,26.4000
157,6,6.8891,1.2439,26.4000
157,7,6.8208,1.1259,26.4000
157,8,6.5780,1.2543,26.4000
157,9,6.7794,1.1443,26.4000
157,10,6.5832,1.2142,26.4000
157,11,6.7797,1.1790,26.4000
157,12,6.6078,1.1886,26.4000
157,13,6.7330,1.5371,26.4000
157,14,6.6808,1.1335,26.4000
157,15,6.5478,1.4383,26.4000
157,16,6.9128,1.0699,26.4000
157,17,6.6920,1.2155,26.4000
157,18,6.4390,1.4332,26.4000
157,19,6.6092,1.2104,26.4000
158,0,6.1588,1.2623,26.4000
158,1,6.6416,1.0709,26.4000
158,2,6.4817,1.2382,26.4000
158,3,6.8326,1.2210,26.4000
158,4,6.2669,1.2010,26.4000
158,5,6.7274,1.2330,26.4000
158,6,6.8013,1.2388,26.4000
158,7,6.7769,1.1244,26.4000
158,8,6.5416,1.2655,26.4000
158,9,6.8138,1.1676,26.4000
158,10,6.4921,1.2344,26.4000
158,11,6.8017,1.2097,26.4000
158,12,6.6281,1.1720,26.4000
158,13,6.7419,1.4045,26.4000
158,14,6.6778,1.1127,26.4000
158,15,6.6791,1.2619,26.4000
158,16,6.8146,1.1356,26.4000
158,17,6.6858,1.2050,26.4000
158,18,6.3073,1.5627,26.4000
158,19,6.5273,1.2197,26.4000
159,0,6.1478,1.2602,26.4000
159,1,6.5160,1.0682,26.4000
159,2,6.4569,1.2741,26.4000
159,3,6.7685,1.2287,26.4000
159,4,6.3888,1.1986,26.4000
159,5,6.7274,1.2330,26.4000
159,6,6.7393,1.2495,26.4000
159,7,6.7368,1.1758,26.4000
159,8,6.5555,1.2631,26.4000
159,9,6.9196,1.1445,26.4000
159,10,6.4276,1.2317,26.4000
159,11,6.8220,1.2268,26.4000
159,12,6.6040,1.1702,26.4000
159,13,6.7486,1.5346,26.4000
159,14,6.2842,1.0383,26.4000
159,15,6.4685,1.4150,26.4000
159,16,6.7350,1.1387,26.4000
159,17,6.6499,1.2186,26.4000
159,18,6.5528,1.3942,26.4000
159,19,6.6102,1.1865,26.4000
160,0,6.2390,1.2476,26.4000
160,1,6.3594,1.1621,26.4000
160,2,6.4229,1.2831,26.4000
160,3,6.8475,1.2247,26.4000
160,4,6.5542,1.2094,26.4000
160,5,6.7274,1.2330,26.4000
160,6,6.7779,1.2687,26.4000
160,7,6.7411,1.2491,26.4000
160,8,6.6579,1.2654,26.4000
160,9,6.9173,1.1615,26.4000
160,10,6.5726,1.2058,26.4000
160,11,6.7655,1.2243,26.4000
160,12,6.6283,1.1889,26.4000
160,13,6.7344,1.5771,26.4000
160,14,6.0800,1.1426,26.4000
160,15,6.5161,1.5403,26.4000
160,16,6.7891,1.1749,26.4000
160,17,6.6976,1.2253,26.4000
160,18,6.6036,1.3984,26.4000
160,19,6.6820,1.1941,26.4000
161,0,6.3348,1.2550,26.4000
161,1,6.3741,1.1282,26.4000
161,2,6.5529,1.2463,26.4000
161,3,6.9319,1.1892,26.4000
161,4,6.4521,1.2104,26.4000
161,5,6.7274,1.2330,26.4000
161,6,6.8203,1.2681,26.4000
161,7,6.8265,1.2615,26.4000
161,8,6.6299,1.2571,26.4000
161,9,6.8764,1.1595,26.4000
161,10,6.6898,1.1961,26.4000
161,11,6.7085,1.2163,26.4000
161,12,6.5577,1.1873,26.4000
161,13,6.7297,1.3263,26.4000
161,14,6.3904,1.2277,26.4000
161,15,6.5804,1.3519,26.4000
161,16,6.8687,1.1350,26.4000
161,17,6.7172,1.2246,26.4000
161,18,6.6852,1.4475,26.4000
161,19,6.5484,1.1961,26.4000
162,0,6.4683,1.2661,26.4000
162,1,6.6388,1.0192,26.4000
162,2,6.5468,1.2215,26.4000
162,3,6.8758,1.1495,26.4000
162,4,6.2164,1.2188,26.4000
162,5,6.7274,1.2330,26.4000
162,6,6.8549,1.2667,26.4000
162,7,6.8027,1.0794,26.4000
162,8,6.6259,1.2373,26.4000
162,9,6.7251,1.1057,26.4000
162,10,6.7379,1.2214,26.4000
162,11,6.7840,1.1953,26.4000
162,12,6.6052,1.2214,26.4000
162,13,6.7387,1.3031,26.4000
162,14,6.6148,1.1230,26.4000
162,15,6.4636,1.2486,26.4000
162,16,6.8879,1.1381,26.4000
162,17,6.7298,1.2110,26.4000
162,18,6.3041,1.3722,26.4000
162,19,6.4525,1.1967,26.4000
163,0,6.5385,1.2684,26.4000
163,1,6.5432,0.9675,25.2000
163,2,6.5697,1.2443,26.4000
163,3,6.8513,1.1930,26.4000
163,4,6.1920,1.2323,26.4000
163,5,6.7274,1.2330,26.4000
163,6,6.8519,1.2666,26.4000
163,7,6.7452,1.1019,26.4000
163,8,6.5977,1.2905,26.4000
163,9,6.8387,1.1742,26.4000
163,10,6.6045,1.2100,26.4000
163,11,6.8243,1.2207,26.4000
163,12,6.5516,1.2015,26.4000
163,13,6.7360,1.4546,26.4000
163,14,6.4574,0.9983,25.2000
163,15,6.6043,1.5496,26.4000
163,16,6.7511,1.1084,26.4000
163,17,6.7089,1.2228,26.4000
163,18,6.1043,1.3340,26.4000
163,19,6.4167,1.2023,26.4000
164,0,6.6473,1.2611,26.4000
164,1,6.3545,1.1121,26.4000
164,2,6.4804,1.2928,26.4000
164,3,6.8158,1.2403,26.4000
164,4,6.3634,1.2060,26.4000
164,5,6.7274,1.2330,26.4000
164,6,6.8528,1.2593,26.4000
164,7,6.7178,1.1282,26.4000
164,8,6.5875,1.3080,26.4000
164,9,6.8944,1.1039,26.4000
164,10,6.4819,1.2121,26.4000
164,11,6.8351,1.2296,26.4000
164,12,6.4869,1.2022,26.4000
164,13,6.7278,1.6213,26.4000
164,14,6.3474,0.9712,25.2000
164,15,6.6513,1.6863,26.4000
164,16,6.8515,1.1143,26.4000
164,17,6.6850,1.2242,26.4000
164,18,6.4904,1.4610,26.4000
164,19,6.6269,1.2146,26.4000
165,0,6.2798,1.2429,26.4000
165,1,6.5362,1.1922,26.4000
165,2,6.5842,1.2739,26.4000
165,3,6.8330,1.1839,26.4000
165,4,6.3340,1.2076,26.4000
165,5,6.7274,1.2330,26.4000
165,6,6.7750,1.2556,26.4000
165,7,6.7940,1.1626,26.4000
165,8,6.5982,1.2806,26.4000
165,9,6.8983,1.0754,26.4000
165,10,6.6062,1.2268,26.4000
165,11,6.7527,1.2298,26.4000
165,12,6.4816,1.1917,26.4000
165,13,6.7363,1.5361,26.4000
165,14,6.5770,1.0590,26.4000
165,15,6.4262,1.6104,26.4000
165,16,6.8303,1.1436,26.4000
165,17,6.6757,1.2135,26.4000
165,18,6.9012,1.4467,26.4000
165,19,6.5709,1.2250,26.4000
166,0,6.1215,1.2448,26.4000
166,1,6.7385,1.1828,26.4000
166,2,6.4531,1.2432,26.4000
166,3,6.9574,1.1495,26.4000
166,4,6.5309,1.2133,26.4000
166,5,6.7274,1.2330,26.4000
166,6,6.7987,1.2424,26.4000
166,7,6.8587,1.1297,26.4000
166,8,6.6158,1.2240,26.4000
166,9,6.8427,1.0469,26.4000
166,10,6.5931,1.2122,26.4000
166,11,6.7367,1.2256,26.4000
166,12,6.5472,1.1697,26.4000
166,13,6.7428,1.4867,26.4000
166,14,6.3921,1.2615,26.4000
166,15,6.4870,1.4345,26.4000
166,16,6.8028,1.1641,26.4000
166,17,6.6681,1.2145,26.4000
166,18,6.6448,1.4452,26.4000
166,19,6.4187,1.2061,26.4000
167,0,6.1558,1.2430,26.4000
167,1,6.5954,1.1955,26.4000
167,2,6.3658,1.2425,26.4000
167,3,6.8894,1.2132,26.4000
167,4,6.2481,1.2209,26.4000
167,5,6.7274,1.2330,26.4000
167,6,6.8095,1.2569,26.4000
167,7,6.8903,1.1926,26.4000
167,8,6.6694,1.2634,26.4000
167,9,6.7743,1.2058,26.4000
167,10,6.5692,1.2046,26.4000
167,11,6.7726,1.2037,26.4000
167,12,6.5608,1.1790,26.4000
167,13,6.7417,1.5513,26.4000
167,14,6.4021,1.3073,26.4000
167,15,6.5733,1.3123,26.4000
167,16,6.7696,1.1786,26.4000
167,17,6.7020,1.2284,26.4000
167,18,6.3885,1.3770,26.4000
167,19,6.4239,1.2201,26.4000
168,0,6.1618,1.2503,26.4000
168,1,6.2468,1.1411,26.4000
168,2,6.4527,1.2703,26.4000
168,3,6.9054,1.2278,26.4000
168,4,6.4403,1.2141,26.4000
168,5,6.7274,1.2330,26.4000
168,6,6.8493,1.2837,26.4000
168,7,6.7539,1.2424,26.4000
168,8,6.6139,1.2569,26.4000
168,9,6.8255,1.2913,26.4000
168,10,6.5770,1.2209,26.4000
168,11,6.8270,1.1959,26.4000
168,12,6.5900,1.1900,26.4000
168,13,6.7439,1.4828,26.4000
168,14,6.3714,1.1211,26.4000
168,15,6.4786,1.3833,26.4000
168,16,6.7324,1.1277,26.4000
168,17,6.7355,1.2380,26.4000
168,18,6.3062,1.4440,26.4000
168,19,6.5723,1.2016,26.4000
169,0,6.5454,1.2503,26.4000
169,1,6.4199,1.1811,26.4000
169,2,6.4927,1.2716,26.4000
169,3,6.8497,1.1823,26.4000
169,4,6.6182,1.1958,26.4000
169,5,6.7274,1.2330,26.4000
169,6,6.7834,1.2701,26.4000
169,7,6.6904,1.1759,26.4000
169,8,6.6356,1.2720,26.4000
169,9,6.8194,1.1481,26.4000
169,10,6.5954,1.2288,26.4000
169,11,6.7847,1.2222,26.4000
169,12,6.6475,1.2170,26.4000
169,13,6.7492,1.2555,26.4000
169,14,6.3574,1.0017,26.4000
169,15,6.6355,1.3577,26.4000
169,16,6.8604,1.0730,26.4000
169,17,6.6620,1.2193,26.4000
169,18,6.6037,1.4773,26.4000
169,19,6.5684,1.1841,26.4000
170,0,6.3927,1.2562,26.4000
170,1,6.6932,1.1576,26.4000
170,2,6.6660,1.2738,26.4000
170,3,6.8041,1.1774,26.4000
170,4,6.8041,1.1862,26.4000
170,5,6.7274,1.2330,26.4000
170,6,6.7810,1.2653,26.4000
170,7,6.7795,1.1270,26.4000
170,8,6.5829,1.2661,26.4000
170,9,6.7737,1.0024,26.4000
170,10,6.6273,1.2212,26.4000
170,11,6.7482,1.2269,26.4000
170,12,6.6080,1.2297,26.4000
170,13,6.7407,1.1999,26.4000
170,14,6.2718,1.0711,26.4000
170,15,6.6991,1.3511,26.4000
170,16,6.8994,1.0410,26.4000
170,17,6.6480,1.2203,26.4000
170,18,6.5016,1.5531,26.4000
170,19,6.5610,1.2101,26.4000
171,0,6.4534,1.2676,26.4000
171,1,6.6705,1.1242,26.4000
171,2,6.4356,1.2819,26.4000
171,3,6.8291,1.2053,26.4000
171,4,6.7303,1.2307,26.4000
171,5,6.7274,1.2330,26.4000
171,6,6.8107,1.2445,26.4000
171,7,6.8920,1.0926,26.4000
171,8,6.6012,1.2684,26.4000
171,9,6.7845,1.0656,26.4000
171,10,6.6099,1.2008,26.4000
171,11,6.7892,1.2321,26.4000
171,12,6.6671,1.1932,26.4000
171,13,6.7295,1.3388,26.4000
171,14,6.2365,1.0957,26.4000
171,15,6.6806,1.4607,26.4000
171,16,6.9205,1.1402,26.4000
171,17,6.6678,1.2252,26.4000
171,18,6.3657,1.4414,26.4000
171,19,6.5235,1.2147,26.4000
172,0,6.2754,1.2515,26.4000
172,1,6.4508,1.1499,26.4000
172,2,6.2841,1.2685,26.4000
172,3,6.8897,1.1976,26.4000
172,4,6.3417,1.2412,26.4000
172,5,6.7274,1.2330,26.4000
172,6,6.8060,1.2408,26.4000
172,7,6.8573,1.1626,26.4000
172,8,6.6179,1.2729,26.4000
172,9,6.8520,1.1305,26.4000
172,10,6.4827,1.1992,26.4000
172,11,6.8045,1.2272,26.4000
172,12,6.5733,1.1899,26.4000
172,13,6.7448,1.4557,26.4000
172,14,6.4017,1.1427,26.4000
172,15,6.3809,1.5329,26.4000
172,16,6.8813,1.1576,26.4000
172,17,6.7073,1.2228,26.4000
172,18,6.3613,1.3521,26.4000
172,19,6.5817,1.2225,26.4000
173,0,6.2757,1.2382,26.4000
173,1,6.4590,1.0916,26.4000
173,2,6.6441,1.2637,26.4000
173,3,6.9426,1.2031,26.4000
173,4,6.1578,1.2252,26.4000
173,5,6.7274,1.2330,26.4000
173,6,6.8213,1.2443,26.4000
173,7,6.7741,1.1865,26.4000
173,8,6.6302,1.2651,26.4000
173,9,6.8929,1.2262,26.4000
173,10,6.5324,1.2164,26.4000
173,11,6.8000,1.2058,26.4000
173,12,6.4816,1.2230,26.4000
173,13,6.7522,1.4872,26.4000
173,14,6.7601,1.2233,26.4000
173,15,6.4828,1.4217,26.4000
173,16,6.8980,1.1937,26.4000
173,17,6.7174,1.2193,26.4000
173,18,6.5771,1.3390,26.4000
173,19,6.6053,1.2098,26.4000
174,0,6.5146,1.2555,26.4000
174,1,6.4826,1.0616,26.4000
174,2,6.6600,1.2910,26.4000
174,3,6.8693,1.2002,26.4000
174,4,6.4981,1.2034,26.4000
174,5,6.7274,1.2330,26.4000
174,6,6.8196,1.2627,26.4000
174,7,6.7091,1.2104,26.4000
174,8,6.6683,1.2858,26.4000
174,9,6.7730,1.2198,26.4000
174,10,6.6010,1.2073,26.4000
174,11,6.7974,1.1995,26.4000
174,12,6.6427,1.2433,26.4000
174,13,6.7376,1.5380,26.4000
174,14,6.4989,1.1854,26.4000
174,15,6.6302,1.3326,26.4000
174,16,6.8278,1.2240,26.4000
174,17,6.6981,1.2181,26.4000
174,18,6.5215,1.4864,26.4000
174,19,6.6996,1.1908,26.4000
175,0,6.5000,1.2523,26.4000
175,1,6.4532,1.1168,26.4000
175,2,6.5181,1.2687,26.4000
175,3,6.8049,1.1892,26.4000
175,4,6.4352,1.1960,26.4000
175,5,6.7274,1.2330,26.4000
175,6,6.7924,1.2605,26.4000
175,7,6.7505,1.2001,26.4000
175,8,6.6257,1.2750,26.4000
175,9,6.7093,1.0666,26.4000
175,10,6.5775,1.2233,26.4000
175,11,6.7894,1.2109,26.4000
175,12,6.7281,1.1967,26.4000
175,13,6.7323,1.3128,26.4000
175,14,6.2219,1.1157,26.4000
175,15,6.6469,1.4503,26.4000
175,16,6.7453,1.1104,26.4000
175,17,6.6991,1.2178,26.4000
175,18,6.4988,1.4308,26.4000
175,19,6.4591,1.1843,26.4000
176,0,6.1797,1.2571,26.4000
176,1,6.5239,1.2018,26.4000
176,2,6.5459,1.2420,26.4000
176,3,6.7461,1.1799,26.4000
176,4,6.2873,1.2216,26.4000
176,5,6.7274,1.2330,26.4000
176,6,6.7590,1.2559,26.4000
176,7,6.7710,1.1073,26.4000
176,8,6.5537,1.2561,26.4000
176,9,6.8709,1.1479,26.4000
176,10,6.4823,1.2190,26.4000
176,11,6.8295,1.2155,26.4000
176,12,6.6112,1.1948,26.4000
176,13,6.7481,1.2396,26.4000
176,14,6.3853,1.0332,26.4000
176,15,6.5962,1.4879,26.4000
176,16,6.8029,1.0678,26.4000
176,17,6.6848,1.2225,26.4000
176,18,6.4512,1.3571,26.4000
176,19,6.4191,1.2152,26.4000
177,0,6.3452,1.2462,26.4000
177,1,6.5489,1.2234,26.4000
177,2,6.6341,1.2700,26.4000
177,3,6.7828,1.1967,26.4000
177,4,6.3356,1.2262,26.4000
177,5,6.7274,1.2330,26.4000
177,6,6.8105,1.2370,26.4000
177,7,6.8344,1.1403,26.4000
177,8,6.5402,1.2661,26.4000
177,9,6.8157,1.1748,26.4000
177,10,6.4948,1.1937,26.4000
177,11,6.7717,1.2306,26.4000
177,12,6.5570,1.1927,26.4000
177,13,6.7422,1.5630,26.4000
177,14,6.4562,1.1746,26.4000
177,15,6.5152,1.5048,26.4000
177,16,6.8565,1.1317,26.4000
177,17,6.6837,1.2156,26.4000
177,18,6.4904,1.4109,26.4000
177,19,6.5443,1.2327,26.4000
178,0,6.5602,1.2596,26.4000
178,1,6.5223,1.2009,26.4000
178,2,6.4595,1.2961,26.4000
178,3,6.8262,1.2058,26.4000
178,4,6.5931,1.2214,26.4000
178,5,6.7274,1.2330,26.4000
178,6,6.8143,1.2363,26.4000
178,7,6.8628,1.1630,26.4000
178,8,6.6836,1.2410,26.4000
178,9,6.8340,1.1125,26.4000
178,10,6.6558,1.1997,26.4000
178,11,6.7506,1.2277,26.4000
178,12,6.6354,1.1755,26.4000
178,13,6.7375,1.4175,26.4000
178,14,6.6096,1.1268,26.4000
178,15,6.4942,1.5900,26.4000
178,16,6.8056,1.0978,26.4000
178,17,6.7149,1.2117,26.4000
178,18,6.4915,1.4369,26.4000
178,19,6.4931,1.2290,26.4000
179,0,6.3780,1.2535,26.4000
179,1,6.6044,1.0884,26.4000
179,2,6.4540,1.2537,26.4000
179,3,6.8511,1.1771,26.4000
179,4,6.8350,1.1980,26.4000
179,5,6.7274,1.2330,26.4000
179,6,6.8627,1.2813,26.4000
179,7,6.8513,1.1668,26.4000
179,8,6.7416,1.2516,26.4000
179,9,6.7730,1.0949,26.4000
179,10,6.7403,1.2140,26.4000
179,11,6.8358,1.2298,26.4000
179,12,6.7431,1.2099,26.4000
179,13,6.7371,1.4606,26.4000
179,14,6.5893,1.1662,26.4000
179,15,6.6691,1.4727,26.4000
179,16,6.8654,1.0485,26.4000
179,17,6.6731,1.2134,26.4000
179,18,6.6028,1.4879,26.4000
179,19,6.6258,1.2094,26.4000
180,0,6.2731,1.2470,26.4000
180,1,6.4636,1.0729,26.4000
180,2,6.4538,1.2246,26.4000
180,3,6.8049,1.1587,26.4000
180,4,6.2346,1.2140,26.4000
180,5,6.7274,1.2330,26.4000
180,6,6.7959,1.2750,26.4000
180,7,6.7630,1.1571,26.4000
180,8,6.7347,1.3085,26.4000
180,9,6.8079,1.1056,26.4000
180,10,6.5449,1.2207,26.4000
180,11,6.8340,1.2228,26.4000
180,12,6.6172,1.2246,26.4000
180,13,6.7368,1.3757,26.4000
180,14,6.6759,1.1630,26.4000
180,15,6.6090,1.3263,26.4000
180,16,6.8856,1.0949,26.4000
180,17,6.6434,1.2213,26.4000
180,18,6.4313,1.4616,26.4000
180,19,6.7029,1.1677,26.4000
181,0,6.2437,1.2471,26.4000
181,1,6.5322,1.1315,26.4000
181,2,6.5288,1.2120,26.4000
181,3,6.8931,1.1946,26.4000
181,4,5.9314,1.2319,26.2100
181,5,6.7274,1.2330,26.4000
181,6,6.7555,1.2688,26.4000
181,7,6.7677,1.1573,26.4000
181,8,6.6932,1.2810,26.4000
181,9,6.8686,1.1176,26.4000
181,10,6.4243,1.2243,26.4000
181,11,6.8401,1.2133,26.4000
181,12,6.5539,1.2179,26.4000
181,13,6.7382,1.3111,26.4000
181,14,6.6261,1.1614,26.4000
181,15,6.4791,1.2998,26.4000
181,16,6.8925,1.1497,26.4000
181,17,6.6826,1.2210,26.4000
181,18,6.4205,1.4343,26.4000
181,19,6.4752,1.1718,26.4000
182,0,6.3395,1.2545,26.4000
182,1,6.5196,1.1622,26.4000
182,2,6.5067,1.2501,26.4000
182,3,6.8569,1.1996,26.4000
182,4,6.5498,1.2178,26.4000
182,5,6.7274,1.2330,26.4000
182,6,6.8394,1.2340,26.4000
182,7,6.8340,1.1821,26.4000
182,8,6.5824,1.2547,26.4000
182,9,6.7988,1.1724,26.4000
182,10,6.4081,1.2065,26.4000
182,11,6.8196,1.2071,26.4000
182,12,6.5827,1.2217,26.4000
182,13,6.7417,1.2541,26.4000
182,14,6.5912,1.1589,26.4000
182,15,6.5418,1.4239,26.4000
182,16,6.8675,1.1695,26.4000
182,17,6.7235,1.2137,26.4000
182,18,6.4514,1.4305,26.4000
182,19,6.4196,1.1753,26.4000
183,0,6.3046,1.2601,26.4000
183,1,6.4497,1.2447,26.4000
183,2,6.4107,1.3041,26.4000
183,3,6.8202,1.2051,26.4000
183,4,6.5700,1.2125,26.4000
183,5,6.7274,1.2330,26.4000
183,6,6.8381,1.2593,26.4000
183,7,6.8552,1.1855,26.4000
183,8,6.5366,1.2538,26.4000
183,9,6.8444,1.1962,26.4000
183,10,6.5254,1.1877,26.4000
183,11,6.8057,1.1976,26.4000
183,12,6.7148,1.1895,26.4000
183,13,6.7354,1.2655,26.4000
183,14,6.6346,1.1469,26.4000
183,15,6.6880,1.4181,26.4000
183,16,6.8110,1.2323,26.4000
183,17,6.7362,1.2072,26.4000
183,18,6.4892,1.4041,26.4000
183,19,6.6008,1.1830,26.4000
184,0,6.1837,1.2523,26.4000
184,1,6.3270,1.1404,26.4000
184,2,6.5981,1.3119,26.4000
184,3,6.8376,1.1747,26.4000
184,4,6.5936,1.2106,26.4000
184,5,6.7274,1.2330,26.4000
184,6,6.8018,1.2653,26.4000
184,7,6.7961,1.1647,26.4000
184,8,6.6238,1.2841,26.4000
184,9,6.8796,1.1801,26.4000
184,10,6.7101,1.2078,26.4000
184,11,6.7398,1.2067,26.4000
184,12,6.6274,1.1560,26.4000
184,13,6.7407,1.2709,26.4000
184,14,6.4303,1.1473,26.4000
184,15,6.4962,1.4966,26.4000
184,16,6.8085,1.1008,26.4000
184,17,6.6552,1.2063,26.4000
184,18,6.3287,1.5160,26.4000
184,19,6.7837,1.2229,26.4000
185,0,6.2422,1.2482,26.4000
185,1,6.5914,0.9587,25.2000
185,2,6.7389,1.2469,26.4000
185,3,6.8528,1.1787,26.4000
185,4,6.3100,1.2077,26.4000
185,5,6.7274,1.2330,26.4000
185,6,6.7772,1.2669,26.4000
185,7,6.7112,1.1762,26.4000
185,8,6.6464,1.2724,26.4000
185,9,6.8718,1.1210,26.4000
185,10,6.5753,1.2240,26.4000
185,11,6.7808,1.2145,26.4000
185,12,6.5436,1.2065,26.4000
185,13,6.7399,1.3139,26.4000
185,14,6.3994,1.1377,26.4000
185,15,6.5025,1.3460,26.4000
185,16,6.8377,1.0977,26.4000
185,17,6.6398,1.2121,26.4000
185,18,6.4316,1.4158,26.4000
185,19,6.6253,1.2506,26.4000
186,0,6.6384,1.2611,26.4000
186,1,6.8052,1.1207,26.4000
186,2,6.5502,1.2473,26.4000
186,3,6.8530,1.2312,26.4000
186,4,6.4467,1.2034,26.4000
186,5,6.7274,1.2330,26.4000
186,6,6.8323,1.2507,26.4000
186,7,6.7277,1.1575,26.4000
186,8,6.5926,1.2505,26.4000
186,9,6.8402,1.1146,26.4000
186,10,6.5336,1.2097,26.4000
186,11,6.8528,1.2189,26.4000
186,12,6.5234,1.2100,26.4000
186,13,6.7441,1.5645,26.4000
186,14,6.5862,1.1391,26.4000
186,15,6.4680,1.3360,26.4000
186,16,6.8847,1.1816,26.4000
186,17,6.6905,1.2133,26.4000
186,18,6.6265,1.3261,26.4000
186,19,6.4364,1.2124,26.4000
187,0,6.5974,1.2723,26.4000
187,1,6.3225,1.1944,26.4000
187,2,6.3686,1.2764,26.4000
187,3,6.8346,1.2082,26.4000
187,4,6.3022,1.2097,26.4000
187,5,6.7274,1.2330,26.4000
187,6,6.7667,1.2290,26.4000
187,7,6.7680,1.1944,26.4000
187,8,6.5712,1.2885,26.4000
187,9,6.7469,1.1505,26.4000
187,10,6.6351,1.2101,26.4000
187,11,6.8541,1.1984,26.4000
187,12,6.6714,1.2141,26.4000
187,13,6.7413,1.4588,26.4000
187,14,6.6039,1.1423,26.4000
187,15,6.5934,1.4182,26.4000
187,16,6.8467,1.2628,26.4000
187,17,6.7045,1.2258,26.4000
187,18,6.4316,1.4361,26.4000
187,19,6.4470,1.1973,26.4000
188,0,6.4686,1.2433,26.4000
188,1,6.0844,1.1235,26.4000
188,2,6.3325,1.2811,26.4000
188,3,6.8319,1.1829,26.4000
188,4,6.1523,1.2145,26.4000
188,5,6.7274,1.2330,26.4000
188,6,6.7697,1.2484,26.4000
188,7,6.7691,1.1185,26.4000
188,8,6.5631,1.3017,26.4000
188,9,6.6898,1.1575,26.4000
188,10,6.6637,1.2160,26.4000
188,11,6.7598,1.2010,26.4000
188,12,6.7723,1.1940,26.4000
188,13,6.7424,1.4445,26.4000
188,14,6.5700,1.0772,26.4000
188,15,6.7230,1.5633,26.4000
188,16,6.8752,1.1864,26.4000
188,17,6.7148,1.2216,26.4000
188,18,6.2446,1.4009,26.4000
188,19,6.6122,1.1705,26.4000
189,0,6.3346,1.2423,26.4000
189,1,6.4209,1.0296,26.4000
189,2,6.6461,1.2885,26.4000
189,3,6.8350,1.1727,26.4000
189,4,6.4435,1.2311,26.4000
189,5,6.7274,1.2330,26.4000
189,6,6.7676,1.2721,26.4000
189,7,6.7640,1.1554,26.4000
189,8,6.6739,1.2900,26.4000
189,9,6.7668,1.1046,26.4000
189,10,6.7124,1.2149,26.4000
189,11,6.7633,1.2070,26.4000
189,12,6.5590,1.1785,26.4000
189,13,6.7330,1.4183,26.4000
189,14,6.6122,1.0554,26.4000
189,15,6.4853,1.4135,26.4000
189,16,6.8823,1.1662,26.4000
189,17,6.7096,1.2237,26.4000
189,18,6.4976,1.3442,26.4000
189,19,6.5256,1.2074,26.4000
190,0,6.2528,1.2653,26.4000
190,1,6.7688,1.1325,26.4000
190,2,6.7119,1.2897,26.4000
190,3,6.8743,1.2050,26.4000
190,4,6.4989,1.2203,26.4000
190,5,6.7274,1.2330,26.4000
190,6,6.7719,1.2920,26.4000
190,7,6.8084,1.1672,26.4000
190,8,6.6652,1.2542,26.4000
190,9,6.8905,1.0650,26.4000
190,10,6.4941,1.2246,26.4000
190,11,6.7624,1.2214,26.4000
190,12,6.4993,1.1728,26.4000
190,13,6.7440,1.5024,26.4000
190,14,6.5774,1.0610,26.4000
190,15,6.3678,1.3065,26.4000
190,16,6.8514,1.1022,26.4000
190,17,6.6682,1.2189,26.4000
190,18,6.7332,1.3862,26.4000
190,19,6.5212,1.2205,26.4000
191,0,6.3320,1.2618,26.4000
191,1,6.8645,1.1385,26.4000
191,2,6.4056,1.2799,26.4000
191,3,6.8186,1.2046,26.4000
191,4,6.5908,1.2190,26.4000
191,5,6.7274,1.2330,26.4000
191,6,6.8328,1.2924,26.4000
191,7,6.7683,1.1863,26.4000
191,8,6.6646,1.2415,26.4000
191,9,6.9614,1.1402,26.4000
191,10,6.5555,1.2091,26.4000
191,11,6.8010,1.2323,26.4000
191,12,6.5427,1.1868,26.4000
191,13,6.7398,1.5053,26.4000
191,14,6.4756,1.1958,26.4000
191,15,6.5704,1.4353,26.4000
191,16,6.7543,1.0727,26.4000
191,17,6.6847,1.2108,26.4000
191,18,6.6493,1.4474,26.4000
191,19,6.5147,1.2091,26.4000
192,0,6.6763,1.2425,26.4000
192,1,6.4095,1.0523,26.4000
192,2,6.3173,1.2747,26.4000
192,3,6.7257,1.2113,26.4000
192,4,6.2400,1.2092,26.4000
192,5,6.7274,1.2330,26.4000
192,6,6.8788,1.2598,26.4000
192,7,6.7340,1.1812,26.4000
192,8,6.6454,1.2345,26.4000
192,9,6.7372,1.1491,26.4000
192,10,6.7023,1.2059,26.4000
192,11,6.8209,1.2373,26.4000
192,12,6.7196,1.2153,26.4000
192,13,6.7393,1.5427,26.4000
192,14,6.3638,1.1961,26.4000
192,15,6.6377,1.4908,26.4000
192,16,6.7368,1.0630,26.4000
192,17,6.6892,1.2118,26.4000
192,18,6.4241,1.5111,26.4000
192,19,6.6407,1.1809,26.4000
193,0,6.5229,1.2348,26.4000
193,1,6.3840,1.1255,26.4000
193,2,6.5893,1.2522,26.4000
193,3,6.8461,1.1875,26.4000
193,4,6.4076,1.2013,26.4000
193,5,6.7274,1.2330,26.4000
193,6,6.8449,1.2314,26.4000
193,7,6.7177,1.1658,26.4000
193,8,6.5877,1.2934,26.4000
193,9,6.6622,1.0953,26.4000
193,10,6.7623,1.2133,26.4000
193,11,6.7918,1.2137,26.4000
193,12,6.6940,1.2098,26.4000
193,13,6.7479,1.4315,26.4000
193,14,6.5882,1.1351,26.4000
193,15,6.6381,1.4571,26.4000
193,16,6.8041,1.1590,26.4000
193,17,6.6845,1.2157,26.4000
193,18,6.4829,1.3247,26.4000
193,19,6.6810,1.2050,26.4000
194,0,6.4623,1.2299,26.4000
194,1,6.4656,1.2216,26.4000
194,2,6.7369,1.2450,26.4000
194,3,6.9242,1.1400,26.4000
194,4,6.3629,1.2178,26.4000
194,5,6.7274,1.2330,26.4000
194,6,6.8196,1.2369,26.4000
194,7,6.8146,1.1813,26.4000
194,8,6.5859,1.2781,26.4000
194,9,6.8665,1.0371,26.4000
194,10,6.5991,1.2080,26.4000
194,11,6.7746,1.2004,26.4000
194,12,6.5266,1.1692,26.4000
194,13,6.7533,1.4193,26.4000
194,14,6.6691,1.1899,26.4000
194,15,6.5622,1.3630,26.4000
194,16,6.8945,1.1600,26.4000
194,17,6.6931,1.2283,26.4000
194,18,6.4071,1.2229,26.4000
194,19,6.4994,1.2245,26.4000
195,0,6.4622,1.2699,26.4000
195,1,6.6406,1.2543,26.4000
195,2,6.3532,1.2627,26.4000
195,3,6.9458,1.1301,26.4000
195,4,6.4618,1.2244,26.4000
195,5,6.7274,1.2330,26.4000
195,6,6.7614,1.2828,26.4000
195,7,6.8712,1.1836,26.4000
195,8,6.6224,1.2787,26.4000
195,9,6.8932,1.0721,26.4000
195,10,6.4438,1.2018,26.4000
195,11,6.7652,1.2231,26.4000
195,12,6.6023,1.2011,26.4000
195,13,6.7526,1.3735,26.4000
195,14,6.4648,1.1283,26.4000
195,15,6.3496,1.3482,26.4000
195,16,6.9548,1.1380,26.4000
195,17,6.6862,1.2328,26.4000
195,18,6.5007,1.4232,26.4000
195,19,6.3488,1.2236,26.4000
196,0,6.3772,1.2631,26.4000
196,1,6.7573,1.1022,26.4000
196,2,6.2337,1.2729,26.4000
196,3,6.8080,1.1472,26.4000
196,4,6.3406,1.2030,26.4000
196,5,6.7274,1.2330,26.4000
196,6,6.8238,1.2763,26.4000
196,7,6.8249,1.1050,26.4000
196,8,6.6083,1.2594,26.4000
196,9,6.7989,1.0993,26.4000
196,10,6.5317,1.2095,26.4000
196,11,6.7799,1.2202,26.4000
196,12,6.6027,1.2006,26.4000
196,13,6.7444,1.2753,26.4000
196,14,6.2514,1.1207,26.4000
196,15,6.2520,1.5345,26.4000
196,16,6.7593,1.1407,26.4000
196,17,6.6951,1.2129,26.4000
196,18,6.4598,1.3928,26.4000
196,19,6.5636,1.1788,26.4000
197,0,6.4588,1.2413,26.4000
197,1,6.4135,1.0854,26.4000
197,2,6.4353,1.2629,26.4000
197,3,6.7522,1.2034,26.4000
197,4,6.0782,1.2084,26.4000
197,5,6.7274,1.2330,26.4000
197,6,6.8205,1.2787,26.4000
197,7,6.7523,1.1105,26.4000
197,8,6.6943,1.2345,26.4000
197,9,6.7504,1.2143,26.4000
197,10,6.6393,1.2178,26.4000
197,11,6.7782,1.2245,26.4000
197,12,6.6247,1.2104,26.4000
197,13,6.7378,1.2850,26.4000
197,14,6.5493,1.1544,26.4000
197,15,6.4925,1.5170,26.4000
197,16,6.7157,1.1530,26.4000
197,17,6.6751,1.2115,26.4000
197,18,6.2725,1.3263,26.4000
197,19,6.6773,1.1639,26.4000
198,0,6.6045,1.2411,26.4000
198,1,6.4435,1.1481,26.4000
198,2,6.4973,1.2857,26.4000
198,3,6.8690,1.1959,26.4000
198,4,6.0184,1.2159,26.4000
198,5,6.7274,1.2330,26.4000
198,6,6.8201,1.2650,26.4000
198,7,6.7358,1.1663,26.4000
198,8,6.7081,1.2662,26.4000
198,9,6.7181,1.2508,26.4000
198,10,6.5369,1.2118,26.4000
198,11,6.7536,1.2017,26.4000
198,12,6.5892,1.1877,26.4000
198,13,6.7404,1.3493,26.4000
198,14,6.8147,1.1066,26.4000
198,15,6.6741,1.5087,26.4000
198,16,6.8096,1.1014,26.4000
198,17,6.6653,1.2158,26.4000
198,18,6.2333,1.5212,26.4000
198,19,6.5730,1.1955,26.4000
199,0,6.5519,1.2581,26.4000
199,1,6.5406,1.1165,26.4000
199,2,6.4340,1.2694,26.4000
199,3,6.9352,1.1859,26.4000
199,4,6.5681,1.2118,26.4000
199,5,6.7274,1.2330,26.4000
199,6,6.8320,1.2533,26.4000
199,7,6.7462,1.2098,26.4000
199,8,6.6668,1.2938,26.4000
199,9,6.8151,1.1962,26.4000
199,10,6.5998,1.2073,26.4000
199,11,6.8154,1.2089,26.4000
199,12,6.6647,1.1733,26.4000
199,13,6.7478,1.4958,26.4000
199,14,6.5127,1.1684,26.4000
199,15,6.5449,1.5024,26.4000
199,16,6.8017,1.1472,26.4000
199,17,6.6957,1.2128,26.4000
199,18,6.4826,1.5599,26.4000
199,19,6.5094,1.2273,26.4000
200,0,6.2528,1.2609,26.4000
200,1,6.6282,1.1758,26.4000
200,2,6.5787,1.2542,26.4000
200,3,6.9354,1.1597,26.4000
200,4,6.8541,1.2104,26.4000
200,5,6.7274,1.2330,26.4000
200,6,6.7796,1.2390,26.4000
200,7,6.8353,1.1088,26.4000
200,8,6.6828,1.2884,26.4000
200,9,6.8416,1.1319,26.4000
200,10,6.6065,1.2129,26.4000
200,11,6.8409,1.2123,26.4000
200,12,6.6437,1.2114,26.4000
200,13,6.7421,1.3677,26.4000
200,14,6.3910,1.1362,26.4000
200,15,6.4218,1.3612,26.4000
200,16,6.8166,1.2101,26.4000
200,17,6.6832,1.2181,26.4000
200,18,6.5351,1.5343,26.4000
200,19,6.5192,1.2058,26.4000
201,0,6.1872,1.2391,26.4000
201,1,6.4252,1.0624,26.4000
201,2,6.6153,1.2637,26.4000
201,3,6.9160,1.1517,26.4000
201,4,6.5439,1.2072,26.4000
201,5,6.7274,1.2330,26.4000
201,6,6.7781,1.2649,26.4000
201,7,6.8337,1.1064,26.4000
201,8,6.5850,1.2548,26.4000
201,9,6.8613,1.1136,26.4000
201,10,6.5319,1.2276,26.4000
201,11,6.8535,1.1999,26.4000
201,12,6.6847,1.2117,26.4000
201,13,6.7296,1.2950,26.4000
201,14,6.3179,1.1758,26.4000
201,15,6.3323,1.3538,26.4000
201,16,6.8342,1.2102,26.4000
201,17,6.6666,1.2266,26.4000
201,18,6.4278,1.4019,26.4000
201,19,6.5303,1.1894,26.4000
202,0,6.4258,1.2432,26.4000
202,1,6.5589,1.1263,26.4000
202,2,6.6489,1.2644,26.4000
202,3,6.9182,1.1882,26.4000
202,4,6.3759,1.2184,26.4000
202,5,6.7274,1.2330,26.4000
202,6,6.7607,1.2732,26.4000
202,7,6.8039,1.1135,26.4000
202,8,6.6508,1.2536,26.4000
202,9,6.8481,1.1925,26.4000
202,10,6.5528,1.2201,26.4000
202,11,6.7842,1.2143,26.4000
202,12,6.5326,1.1992,26.4000
202,13,6.7420,1.4600,26.4000
202,14,6.5031,1.1209,26.4000
202,15,6.6571,1.4570,26.4000
202,16,6.8081,1.1417,26.4000
202,17,6.6812,1.2278,26.4000
202,18,6.5600,1.2594,26.4000
202,19,6.6474,1.1832,26.4000
203,0,6.5549,1.2591,26.4000
203,1,6.5186,1.0956,26.4000
203,2,6.6322,1.2720,26.4000
203,3,6.9293,1.2315,26.4000
203,4,6.2617,1.2202,26.4000
203,5,6.7274,1.2330,26.4000
203,6,6.7593,1.2578,26.4000
203,7,6.7708,1.1165,26.4000
203,8,6.6632,1.2953,26.4000
203,9,6.8459,1.1820,26.4000
203,10,6.6437,1.2182,26.4000
203,11,6.7630,1.2176,26.4000
203,12,6.4850,1.1902,26.4000
203,13,6.7484,1.5974,26.4000
203,14,6.6567,1.1282,26.4000
203,15,6.7399,1.3433,26.4000
203,16,6.8869,1.1763,26.4000
203,17,6.6905,1.2305,26.4000
203,18,6.5711,1.3138,26.4000
203,19,6.6724,1.2266,26.4000
204,0,6.4198,1.2566,26.4000
204,1,6.6331,1.0927,26.4000
204,2,6.4865,1.2538,26.4000
204,3,6.8437,1.1974,26.4000
204,4,6.3908,1.2133,26.4000
204,5,6.7274,1.2330,26.4000
204,6,6.8561,1.2729,26.4000
204,7,6.7978,1.1192,26.4000
204,8,6.6398,1.2958,26.4000
204,9,6.8961,1.0733,26.4000
204,10,6.6400,1.2152,26.4000
204,11,6.8095,1.2098,26.4000
204,12,6.5504,1.2246,26.4000
204,13,6.7360,1.3937,26.4000
204,14,6.6931,1.1111,26.4000
204,15,6.5193,1.4842,26.4000
204,16,6.8927,1.1439,26.4000
204,17,6.6924,1.2237,26.4000
204,18,6.4461,1.5650,26.4000
204,19,6.5832,1.2273,26.4000
205,0,6.4867,1.2354,26.4000
205,1,6.5805,1.1297,26.4000
205,2,6.4690,1.2613,26.4000
205,3,6.8641,1.2027,26.4000
205,4,6.4660,1.2091,26.4000
205,5,6.7274,1.2330,26.4000
205,6,6.8243,1.2610,26.4000
205,7,6.7862,1.1417,26.4000
205,8,6.6003,1.2460,26.4000
205,9,6.8910,1.0740,26.4000
205,10,6.4739,1.2120,26.4000
205,11,6.7831,1.2170,26.4000
205,12,6.6506,1.1996,26.4000
205,13,6.7432,1.3471,26.4000
205,14,6.7037,1.1102,26.4000
205,15,6.4819,1.4701,26.4000
205,16,6.8147,1.1345,26.4000
205,17,6.6865,1.2162,26.4000
205,18,6.4903,1.5769,26.4000
205,19,6.5077,1.2160,26.4000
206,0,6.3174,1.2578,26.4000
206,1,6.5578,1.1419,26.4000
206,2,6.4224,1.2911,26.4000
206,3,6.7842,1.1983,26.4000
206,4,6.4688,1.2149,26.4000
206,5,6.7274,1.2330,26.4000
206,6,6.7507,1.2443,26.4000
206,7,6.8162,1.1762,26.4000
206,8,6.5583,1.2549,26.4000
206,9,6.8812,1.0854,26.4000
206,10,6.4603,1.2159,26.4000
206,11,6.7358,1.2244,26.4000
206,12,6.6228,1.1943,26.4000
206,13,6.7438,1.2835,26.4000
206,14,6.6431,1.2172,26.4000
206,15,6.4158,1.2638,26.4000
206,16,6.7037,1.0608,26.4000
206,17,6.6829,1.2174,26.4000
206,18,6.5265,1.3664,26.4000
206,19,6.4887,1.1931,26.4000
207,0,6.3408,1.2744,26.4000
207,1,6.6376,1.0689,26.4000
207,2,6.5127,1.2783,26.4000
207,3,6.9008,1.1759,26.4000
207,4,6.3518,1.2264,26.4000
207,5,6.7274,1.2330,26.4000
207,6,6.7897,1.2560,26.4000
207,7,6.8379,1.1453,26.4000
207,8,6.5398,1.2482,26.4000
207,9,6.7688,1.1943,26.4000
207,10,6.5438,1.2237,26.4000
207,11,6.7962,1.2073,26.4000
207,12,6.5723,1.1835,26.4000
207,13,6.7327,1.2866,26.4000
207,14,6.4243,1.2612,26.4000
207,15,6.5012,1.4602,26.4000
207,16,6.7929,1.0955,26.4000
207,17,6.6734,1.2268,26.4000
207,18,6.3641,1.2420,26.4000
207,19,6.4708,1.1674,26.4000
208,0,6.4021,1.2451,26.4000
208,1,6.6029,0.9902,25.2000
208,2,6.6354,1.2746,26.4000
208,3,6.8383,1.1472,26.4000
208,4,6.0779,1.2209,26.4000
208,5,6.7274,1.2330,26.4000
208,6,6.7639,1.2705,26.4000
208,7,6.8319,1.1710,26.4000
208,8,6.6747,1.2744,26.4000
208,9,6.7596,1.2205,26.4000
208,10,6.6379,1.2280,26.4000
208,11,6.8373,1.1939,26.4000
208,12,6.5696,1.1881,26.4000
208,13,6.7244,1.3060,26.4000
208,14,6.3612,1.1449,26.4000
208,15,6.5774,1.4175,26.4000
208,16,6.9015,1.2297,26.4000
208,17,6.6968,1.2201,26.4000
208,18,6.2822,1.3179,26.4000
208,19,6.4989,1.1934,26.4000
209,0,6.5728,1.2447,26.4000
209,1,6.4507,1.1008,26.4000
209,2,6.5539,1.2619,26.4000
209,3,6.7372,1.1927,26.4000
209,4,6.3040,1.2059,26.4000
209,5,6.7274,1.2330,26.4000
209,6,6.7923,1.2671,26.4000
209,7,6.7824,1.1762,26.4000
209,8,6.6698,1.2979,26.4000
209,9,6.8781,1.0812,26.4000
209,10,6.5323,1.2026,26.4000
209,11,6.8399,1.2235,26.4000
209,12,6.5803,1.1918,26.4000
209,13,6.7502,1.5046,26.4000
209,14,6.4840,1.1210,26.4000
209,15,6.5950,1.3862,26.4000
209,16,6.8591,1.2594,26.4000
209,17,6.7011,1.2117,26.4000
209,18,6.4360,1.4131,26.4000
209,19,6.4786,1.2175,26.4000
210,0,6.4901,1.2565,26.4000
210,1,6.4593,1.1691,26.4000
210,2,6.5226,1.2689,26.4000
210,3,6.8159,1.2402,26.4000
210,4,6.5777,1.2070,26.4000
210,5,6.7274,1.2330,26.4000
210,6,6.7705,1.2407,26.4000
210,7,6.7190,1.1710,26.4000
210,8,6.6063,1.2642,26.4000
210,9,6.9214,1.0773,26.4000
210,10,6.5637,1.1899,26.4000
210,11,6.8096,1.2124,26.4000
210,12,6.5338,1.1911,26.4000
210,13,6.7604,1.5862,26.4000
210,14,6.6871,1.1251,26.4000
210,15,6.5349,1.5576,26.4000
210,16,6.8632,1.0921,26.4000
210,17,6.7018,1.2222,26.4000
210,18,6.6934,1.5382,26.4000
210,19,6.6461,1.2114,26.4000
211,0,6.2177,1.2490,26.4000
211,1,6.5166,1.0995,26.4000
211,2,6.4256,1.2776,26.4000
211,3,6.9551,1.2511,26.4000
211,4,6.7026,1.2177,26.4000
211,5,6.7274,1.2330,26.4000
211,6,6.7607,1.2405,26.4000
211,7,6.6932,1.2092,26.4000
211,8,6.5944,1.2667,26.4000
211,9,6.8269,1.1512,26.4000
211,10,6.5604,1.2033,26.4000
211,11,6.7630,1.2068,26.4000
211,12,6.5479,1.1884,26.4000
211,13,6.7337,1.3622,26.4000
211,14,6.7461,1.0457,26.4000
211,15,6.4363,1.3294,26.4000
211,16,6.8047,1.0863,26.4000
211,17,6.6954,1.2257,26.4000
211,18,6.5434,1.5827,26.4000
211,19,6.6751,1.1934,26.4000
212,0,6.1684,1.2444,26.4000
212,1,6.5410,1.0161,26.4000
212,2,6.5568,1.2887,26.4000
212,3,6.9314,1.2463,26.4000
212,4,6.6369,1.2270,26.4000
212,5,6.7274,1.2330,26.4000
212,6,6.8288,1.2528,26.4000
212,7,6.6994,1.2350,26.4000
212,8,6.5760,1.2723,26.4000
212,9,6.7468,1.1588,26.4000
212,10,6.5796,1.2135,26.4000
212,11,6.7889,1.1924,26.4000
212,12,6.5134,1.1965,26.4000
212,13,6.7268,1.3862,26.4000
212,14,6.3218,1.1789,26.4000
212,15,6.5067,1.2967,26.4000
212,16,6.8260,1.1852,26.4000
212,17,6.6648,1.2188,26.4000
212,18,6.3598,1.4598,26.4000
212,19,6.6662,1.1809,26.4000
213,0,6.1327,1.2511,26.4000
213,1,6.5995,1.1808,26.4000
213,2,6.6159,1.2749,26.4000
213,3,6.8689,1.2256,26.4000
213,4,6.2345,1.2264,26.4000
213,5,6.7274,1.2330,26.4000
213,6,6.8677,1.2738,26.4000
213,7,6.7757,1.1691,26.4000
213,8,6.5789,1.2882,26.4000
213,9,6.7684,1.1963,26.4000
213,10,6.5903,1.2153,26.4000
213,11,6.8181,1.1938,26.4000
213,12,6.6375,1.1949,26.4000
213,13,6.7372,1.4259,26.4000
213,14,6.1790,1.1296,26.4000
213,15,6.5757,1.3808,26.4000
213,16,6.8753,1.1761,26.4000
213,17,6.6946,1.2213,26.4000
213,18,6.5842,1.3971,26.4000
213,19,6.6378,1.2175,26.4000
214,0,6.3499,1.2485,26.4000
214,1,6.5793,1.2423,26.4000
214,2,6.6601,1.2560,26.4000
214,3,6.8237,1.1508,26.4000
214,4,6.1745,1.2266,26.4000
214,5,6.7274,1.2330,26.4000
214,6,6.8376,1.2524,26.4000
214,7,6.8369,1.1211,26.4000
214,8,6.5743,1.2582,26.4000
214,9,6.8747,1.1771,26.4000
214,10,6.6639,1.2237,26.4000
214,11,6.8272,1.2285,26.4000
214,12,6.6842,1.1923,26.4000
214,13,6.7474,1.5240,26.4000
214,14,6.6653,1.0832,26.4000
214,15,6.5353,1.5935,26.4000
214,16,6.8109,1.1956,26.4000
214,17,6.7085,1.2195,26.4000
214,18,6.5960,1.3645,26.4000
214,19,6.5928,1.2314,26.4000
215,0,6.6966,1.2520,26.4000
215,1,6.3848,1.1483,26.4000
215,2,6.6986,1.2810,26.4000
215,3,6.8217,1.1708,26.4000
215,4,6.3875,1.2072,26.4000
215,5,6.7274,1.2330,26.4000
215,6,6.8292,1.2315,26.4000
215,7,6.8098,1.1420,26.4000
215,8,6.5706,1.2805,26.4000
215,9,6.8819,1.1771,26.4000
215,10,6.7457,1.2258,26.4000
215,11,6.7850,1.2307,26.4000
215,12,6.6626,1.2046,26.4000
215,13,6.7364,1.5631,26.4000
215,14,6.8866,1.0919,26.4000
215,15,6.4677,1.5404,26.4000
215,16,6.8484,1.1492,26.4000
215,17,6.6913,1.2249,26.4000
215,18,6.4649,1.3986,26.4000
215,19,6.6462,1.2002,26.4000
216,0,6.3277,1.2451,26.4000
216,1,6.2536,1.0257,26.4000
216,2,6.5148,1.2796,26.4000
216,3,6.8481,1.2224,26.4000
216,4,6.5855,1.2078,26.4000
216,5,6.7274,1.2330,26.4000
216,6,6.7592,1.2322,26.4000
216,7,6.7700,1.1914,26.4000
216,8,6.6228,1.2603,26.4000
216,9,6.7807,1.0753,26.4000
216,10,6.6945,1.2089,26.4000
216,11,6.7647,1.2161,26.4000
216,12,6.6550,1.1951,26.4000
216,13,6.7409,1.4510,26.4000
216,14,6.8407,1.0727,26.4000
216,15,6.6393,1.5620,26.4000
216,16,6.8793,1.0417,26.4000
216,17,6.6675,1.2263,26.4000
216,18,6.5765,1.4368,26.4000
216,19,6.5725,1.1910,26.4000
217,0,6.0677,1.2642,26.4000
217,1,6.2469,1.0544,26.4000
217,2,6.3386,1.2596,26.4000
217,3,6.9377,1.2066,26.4000
217,4,6.4550,1.2154,26.4000
217,5,6.7274,1.2330,26.4000
217,6,6.7555,1.2380,26.4000
217,7,6.7770,1.1669,26.4000
217,8,6.6324,1.2655,26.4000
217,9,6.7966,1.1553,26.4000
217,10,6.6423,1.1943,26.4000
217,11,6.7973,1.2004,26.4000
217,12,6.6100,1.2022,26.4000
217,13,6.7435,1.2692,26.4000
217,14,6.4299,1.0735,26.4000
217,15,6.5772,1.4122,26.4000
217,16,6.7907,1.1535,26.4000
217,17,6.6556,1.2193,26.4000
217,18,6.5357,1.2676,26.4000
217,19,6.5247,1.1884,26.4000
218,0,6.3100,1.2662,26.4000
218,1,6.6936,1.1396,26.4000
218,2,6.4615,1.2503,26.4000
218,3,7.0008,1.2002,-1000000000.0000
218,4,6.0388,1.2163,26.4000
218,5,6.7274,1.2330,26.4000
218,6,6.8278,1.2716,26.4000
218,7,6.7583,1.1440,26.4000
218,8,6.6251,1.2967,26.4000
218,9,6.8677,1.1492,26.4000
218,10,6.5554,1.2196,26.4000
218,11,6.8035,1.2157,26.4000
218,12,6.6069,1.2010,26.4000
218,13,6.7517,1.2166,26.4000
218,14,6.3360,1.1879,26.4000
218,15,6.4515,1.2524,26.4000
218,16,6.7891,1.1422,26.4000
218,17,6.6679,1.2154,26.4000
218,18,6.4360,1.2146,26.4000
218,19,6.6110,1.2123,26.4000
219,0,6.7758,1.2656,26.4000
219,1,6.8918,1.1678,26.4000
219,2,6.6564,1.2745,26.4000
219,3,6.9379,1.1748,26.4000
219,4,6.1574,1.2080,26.4000
219,5,6.7274,1.2330,26.4000
219,6,6.8045,1.2704,26.4000
219,7,6.8004,1.1674,26.4000
219,8,6.6752,1.3045,26.4000
219,9,6.8203,1.1479,26.4000
219,10,6.5074,1.2340,26.4000
219,11,6.7778,1.2264,26.4000
219,12,6.5979,1.2298,26.4000
219,13,6.7417,1.2761,26.4000
219,14,6.6543,1.2696,26.4000
219,15,6.5165,1.3934,26.4000
219,16,6.7807,1.0973,26.4000
219,17,6.7166,1.2166,26.4000
219,18,6.3391,1.3841,26.4000
219,19,6.7506,1.1901,26.4000
220,0,6.3594,1.2655,26.4000
220,1,6.5833,1.1818,26.4000
220,2,6.6736,1.2824,26.4000
220,3,6.8598,1.1505,26.4000
220,4,6.3091,1.1998,26.4000
220,5,6.7274,1.2330,26.4000
220,6,6.7382,1.2654,26.4000
220,7,6.8523,1.1890,26.4000
220,8,6.6957,1.2504,26.4000
220,9,6.8646,1.0837,26.4000
220,10,6.5621,1.2178,26.4000
220,11,6.8109,1.2144,26.4000
220,12,6.6428,1.1942,26.4000
220,13,6.7436,1.5820,26.4000
220,14,6.8108,1.2463,26.4000
220,15,6.5873,1.4764,26.4000
220,16,6.9029,1.1563,26.4000
220,17,6.7177,1.2247,26.4000
220,18,6.3892,1.4771,26.4000
220,19,6.5326,1.1999,26.4000
221,0,6.1826,1.2425,26.4000
221,1,6.4077,1.0745,26.4000
221,2,6.4674,1.2850,26.4000
221,3,6.7733,1.1690,26.4000
221,4,6.1548,1.2065,26.4000
221,5,6.7274,1.2330,26.4000
221,6,6.7556,1.2646,26.4000
221,7,6.7876,1.1306,26.4000
221,8,6.5818,1.2505,26.4000
221,9,6.8930,1.1114,26.4000
221,10,6.6911,1.2034,26.4000
221,11,6.8197,1.1953,26.4000
221,12,6.6059,1.1840,26.4000
221,13,6.7295,1.5800,26.4000
221,14,6.5290,1.0651,26.4000
221,15,6.4721,1.3210,26.4000
221,16,6.8695,1.2427,26.4000
221,17,6.6597,1.2236,26.4000
221,18,6.6878,1.4216,26.4000
221,19,6.4978,1.2246,26.4000
222,0,6.5159,1.2378,26.4000
222,1,6.2714,1.0829,26.4000
222,2,6.5472,1.2793,26.4000
222,3,6.7994,1.2079,26.4000
222,4,6.1217,1.2190,26.4000
222,5,6.7274,1.2330,26.4000
222,6,6.8350,1.2544,26.4000
222,7,6.8112,1.1049,26.4000
222,8,6.5027,1.2438,26.4000
222,9,6.8577,1.1828,26.4000
222,10,6.6902,1.2120,26.4000
222,11,6.8505,1.2054,26.4000
222,12,6.6404,1.1838,26.4000
222,13,6.7308,1.5713,26.4000
222,14,6.1919,1.0444,26.4000
222,15,6.5334,1.2512,26.4000
222,16,6.8608,1.1004,26.4000
222,17,6.6355,1.2228,26.4000
222,18,6.7461,1.4678,26.4000
222,19,6.4328,1.2040,26.4000
223,0,6.5633,1.2652,26.4000
223,1,6.2870,1.1249,26.4000
223,2,6.5119,1.2667,26.4000
223,3,6.9285,1.1962,26.4000
223,4,6.4207,1.2303,26.4000
223,5,6.7274,1.2330,26.4000
223,6,6.8557,1.2411,26.4000
223,7,6.7537,1.1962,26.4000
223,8,6.5711,1.2394,26.4000
223,9,6.8483,1.1823,26.4000
223,10,6.6502,1.2284,26.4000
223,11,6.8584,1.2303,26.4000
223,12,6.6081,1.1896,26.4000
223,13,6.7361,1.4484,26.4000
223,14,6.3201,1.1563,26.4000
223,15,6.5682,1.4214,26.4000
223,16,6.8237,1.0413,26.4000
223,17,6.6455,1.2206,26.4000
223,18,6.4136,1.5514,26.4000
223,19,6.4468,1.1972,26.4000
224,0,6.3750,1.2530,26.4000
224,1,6.7017,1.1407,26.4000
224,2,6.4734,1.2580,26.4000
224,3,6.9218,1.2068,26.4000
224,4,6.7101,1.2037,26.4000
224,5,6.7274,1.2330,26.4000
224,6,6.8754,1.2685,26.4000
224,7,6.7271,1.2001,26.4000
224,8,6.6204,1.2919,26.4000
224,9,6.8286,1.0894,26.4000
224,10,6.5897,1.2222,26.4000
224,11,6.7756,1.2411,26.4000
224,12,6.5614,1.1852,26.4000
224,13,6.7370,1.3050,26.4000
224,14,6.5633,1.2500,26.4000
224,15,6.6090,1.6338,26.4000
224,16,6.7362,1.0542,26.4000
224,17,6.7118,1.2168,26.4000
224,18,6.2200,1.6301,26.4000
224,19,6.4289,1.1868,26.4000
225,0,6.3437,1.2476,26.4000
225,1,6.5207,1.1672,26.4000
225,2,6.4588,1.2702,26.4000
225,3,6.8526,1.2032,26.4000
225,4,6.6917,1.1912,26.4000
225,5,6.7274,1.2330,26.4000
225,6,6.7699,1.2705,26.4000
225,7,6.8260,1.1275,26.4000
225,8,6.6351,1.2995,26.4000
225,9,6.7899,1.0466,26.4000
225,10,6.6198,1.2190,26.4000
225,11,6.7082,1.1970,26.4000
225,12,6.5968,1.2010,26.4000
225,13,6.7361,1.1905,26.4000
225,14,6.7600,1.2103,26.4000
225,15,6.4609,1.6616,26.4000
225,16,6.7548,1.1807,26.4000
225,17,6.7049,1.2232,26.4000
225,18,6.5950,1.6138,26.4000
225,19,6.5208,1.1866,26.4000
226,0,6.6440,1.2626,26.4000
226,1,6.5763,1.0491,26.4000
226,2,6.4316,1.2752,26.4000
226,3,6.7456,1.2107,26.4000
226,4,6.6878,1.2195,26.4000
226,5,6.7274,1.2330,26.4000
226,6,6.8131,1.2606,26.4000
226,7,6.8152,1.1064,26.4000
226,8,6.6282,1.2578,26.4000
226,9,6.7786,1.1476,26.4000
226,10,6.6303,1.2127,26.4000
226,11,6.7995,1.2005,26.4000
226,12,6.6710,1.2127,26.4000
226,13,6.7498,1.2147,26.4000
226,14,6.6422,1.1463,26.4000
226,15,6.3532,1.2386,26.4000
226,16,6.8439,1.1894,26.4000
226,17,6.6852,1.2216,26.4000
226,18,6.6280,1.5201,26.4000
226,19,6.5701,1.2099,26.4000
227,0,6.6024,1.2625,26.4000
227,1,6.4117,1.0276,26.4000
227,2,6.4459,1.2703,26.4000
227,3,6.8187,1.2028,26.4000
227,4,6.2759,1.2151,26.4000
227,5,6.7274,1.2330,26.4000
227,6,6.8241,1.2514,26.4000
227,7,6.8379,1.1144,26.4000
227,8,6.5711,1.2563,26.4000
227,9,6.7926,1.1459,26.4000
227,10,6.5501,1.1992,26.4000
227,11,6.8159,1.2113,26.4000
227,12,6.5694,1.2003,26.4000
227,13,6.7394,1.3450,26.4000
227,14,6.5399,1.1289,26.4000
227,15,6.6039,1.2370,26.4000
227,16,6.9249,1.2063,26.4000
227,17,6.7047,1.2187,26.4000
227,18,6.6926,1.3532,26.4000
227,19,6.5451,1.2267,26.4000
228,0,6.5341,1.2515,26.4000
228,1,6.5451,1.1289,26.4000
228,2,6.4747,1.2529,26.4000
228,3,6.8360,1.1823,26.4000
228,4,6.0589,1.2208,26.4000
228,5,6.7274,1.2330,26.4000
228,6,6.7996,1.2418,26.4000
228,7,6.8674,1.1083,26.4000
228,8,6.5446,1.2671,26.4000
228,9,6.8574,1.1157,26.4000
228,10,6.5408,1.1992,26.4000
228,11,6.8064,1.2175,26.4000
228,12,6.5679,1.1909,26.4000
228,13,6.7373,1.4337,26.4000
228,14,6.3735,1.1719,26.4000
228,15,6.6871,1.5142,26.4000
228,16,6.8779,1.0792,26.4000
228,17,6.7054,1.2146,26.4000
228,18,6.4076,1.4124,26.4000
228,19,6.6333,1.2089,26.4000
229,0,6.3638,1.2428,26.4000
229,1,6.5839,1.1651,26.4000
229,2,6.5779,1.2309,26.4000
229,3,6.7936,1.1474,26.4000
229,4,6.4575,1.2111,26.4000
229,5,6.7274,1.2330,26.4000
229,6,6.7835,1.2446,26.4000
229,7,6.7724,1.1314,26.4000
229,8,6.7032,1.2661,26.4000
229,9,6.8777,1.0712,26.4000
229,10,6.6577,1.2047,26.4000
229,11,6.7682,1.2230,26.4000
229,12,6.5507,1.2076,26.4000
229,13,6.7458,1.4851,26.4000
229,14,6.5695,1.1399,26.4000
229,15,6.5313,1.6585,26.4000
229,16,6.8122,1.0087,26.4000
229,17,6.6798,1.2276,26.4000
229,18,6.1681,1.4632,26.4000
229,19,6.5600,1.1771,26.4000
230,0,6.1481,1.2601,26.4000
230,1,6.5261,1.0740,26.4000
230,2,6.6207,1.2664,26.4000
230,3,6.7715,1.1500,26.4000
230,4,6.5865,1.2064,26.4000
230,5,6.7274,1.2330,26.4000
230,6,6.7963,1.2822,26.4000
230,7,6.7595,1.1638,26.4000
230,8,6.6592,1.2863,26.4000
230,9,6.8011,1.0623,26.4000
230,10,6.6709,1.2204,26.4000
230,11,6.8066,1.2049,26.4000
230,12,6.6849,1.2222,26.4000
230,13,6.7459,1.4157,26.4000
230,14,6.5713,1.0647,26.4000
230,15,6.4148,1.6666,26.4000
230,16,6.7591,1.1909,26.4000
230,17,6.6787,1.2189,26.4000
230,18,6.1066,1.3105,26.4000
230,19,6.6456,1.2057,26.4000
231,0,6.2259,1.2679,26.4000
231,1,6.3622,1.0910,26.4000
231,2,6.4398,1.3025,26.4000
231,3,6.9137,1.1554,26.4000
231,4,6.1711,1.1994,26.4000
231,5,6.7274,1.2330,26.4000
231,6,6.7879,1.2865,26.4000
231,7,6.7738,1.1838,26.4000
231,8,6.6253,1.2883,26.4000
231,9,6.8424,1.1905,26.4000
231,10,6.6438,1.2049,26.4000
231,11,6.8607,1.2180,26.4000
231,12,6.6415,1.2295,26.4000
231,13,6.7446,1.4953,26.4000
231,14,6.5726,1.1137,26.4000
231,15,6.4583,1.4472,26.4000
231,16,6.7626,1.1861,26.4000
231,17,6.6760,1.2149,26.4000
231,18,6.8088,1.2275,26.4000
231,19,6.6996,1.2178,26.4000
232,0,6.5888,1.2527,26.4000
232,1,6.5660,1.0735,26.4000
232,2,6.2706,1.2739,26.4000
232,3,6.8976,1.2218,26.4000
232,4,6.1944,1.2217,26.4000
232,5,6.7274,1.2330,26.4000
232,6,6.7961,1.2744,26.4000
232,7,6.7932,1.1278,26.4000
232,8,6.6074,1.2879,26.4000
232,9,6.8573,1.2318,26.4000
232,10,6.6023,1.2182,26.4000
232,11,6.8267,1.2179,26.4000
232,12,6.6790,1.1835,26.4000
232,13,6.7344,1.4889,26.4000
232,14,6.3881,1.0974,26.4000
232,15,6.5421,1.2848,26.4000
232,16,6.8667,1.2069,26.4000
232,17,6.6870,1.2241,26.4000
232,18,6.6322,1.5130,26.4000
232,19,6.5202,1.1990,26.4000
233,0,6.5367,1.2332,26.4000
233,1,6.6725,1.2131,26.4000
233,2,6.5227,1.2437,26.4000
233,3,6.8958,1.2365,26.4000
233,4,6.3995,1.2103,26.4000
233,5,6.7274,1.2330,26.4000
233,6,6.7357,1.2469,26.4000
233,7,6.7963,1.0919,26.4000
233,8,6.6769,1.2486,26.4000
233,9,6.8581,1.1173,26.4000
233,10,6.5452,1.2128,26.4000
233,11,6.8294,1.2190,26.4000
233,12,6.5969,1.1839,26.4000
233,13,6.7414,1.3521,26.4000
233,14,6.4174,1.0865,26.4000
233,15,6.5629,1.3619,26.4000
233,16,6.8246,1.1404,26.4000
233,17,6.7050,1.2245,26.4000
233,18,6.5276,1.6573,26.4000
233,19,6.4626,1.1793,26.4000
234,0,6.2844,1.2535,26.4000
234,1,6.4219,1.2310,26.4000
234,2,6.8111,1.2671,26.4000
234,3,6.8332,1.2152,26.4000
234,4,6.7068,1.2094,26.4000
234,5,6.7274,1.2330,26.4000
234,6,6.7424,1.2385,26.4000
234,7,6.7907,1.1172,26.4000
234,8,6.7333,1.2641,26.4000
234,9,6.8441,1.0573,26.4000
234,10,6.5642,1.2022,26.4000
234,11,6.8434,1.2004,26.4000
234,12,6.5589,1.1868,26.4000
234,13,6.7463,1.3084,26.4000
234,14,6.5781,1.1529,26.4000
234,15,6.4704,1.3352,26.4000
234,16,6.8085,1.0510,26.4000
234,17,6.7055,1.2190,26.4000
234,18,6.3459,1.5109,26.4000
234,19,6.5203,1.1821,26.4000
235,0,6.4190,1.2560,26.4000
235,1,6.5640,1.0972,26.4000
235,2,6.4840,1.2770,26.4000
235,3,6.8140,1.1804,26.4000
235,4,6.7945,1.2143,26.4000
235,5,6.7274,1.2330,26.4000
235,6,6.7528,1.2749,26.4000
235,7,6.8291,1.0977,26.4000
235,8,6.5742,1.3008,26.4000
235,9,6.7948,1.1856,26.4000
235,10,6.6404,1.2074,26.4000
235,11,6.8309,1.2186,26.4000
235,12,6.6214,1.2075,26.4000
235,13,6.7508,1.2588,26.4000
235,14,6.6131,1.2084,26.4000
235,15,6.6022,1.4312,26.4000
235,16,6.8901,1.0151,26.4000
235,17,6.6767,1.2114,26.4000
235,18,6.4342,1.4615,26.4000
235,19,6.5318,1.2100,26.4000
236,0,6.6026,1.2426,26.4000
236,1,6.4835,1.0285,26.4000
236,2,6.4118,1.2728,26.4000
236,3,6.8447,1.1582,26.4000
236,4,6.3461,1.2134,26.4000
236,5,6.7274,1.2330,26.4000
236,6,6.7427,1.2626,26.4000
236,7,6.7991,1.0993,26.4000
236,8,6.5699,1.2758,26.4000
236,9,6.8369,1.1601,26.4000
236,10,6.5880,1.2105,26.4000
236,11,6.7941,1.2195,26.4000
236,12,6.5972,1.1842,26.4000
236,13,6.7390,1.3689,26.4000
236,14,6.6058,1.1727,26.4000
236,15,6.7027,1.5147,26.4000
236,16,6.8763,1.2323,26.4000
236,17,6.6898,1.2168,26.4000
236,18,6.4421,1.3824,26.4000
236,19,6.5495,1.2141,26.4000
237,0,6.4174,1.2490,26.4000
237,1,6.6598,1.0500,26.4000
237,2,6.3421,1.2506,26.4000
237,3,6.9601,1.1581,26.4000
237,4,5.9651,1.2162,26.2100
237,5,6.7274,1.2330,26.4000
237,6,6.7698,1.2382,26.4000
237,7,6.7329,1.2015,26.4000
237,8,6.6701,1.2505,26.4000
237,9,6.8212,1.0942,26.4000
237,10,6.4902,1.2287,26.4000
237,11,6.7848,1.2203,26.4000
237,12,6.5615,1.1886,26.4000
237,13,6.7327,1.4075,26.4000
237,14,6.3571,1.0912,26.4000
237,15,6.5829,1.4255,26.4000
237,16,6.7481,1.3305,26.4000
237,17,6.6950,1.2285,26.4000
237,18,6.5598,1.3667,26.4000
237,19,6.5466,1.1866,26.4000
238,0,6.1534,1.2711,26.4000
238,1,6.5101,1.1421,26.4000
238,2,6.2781,1.2664,26.4000
238,3,6.8877,1.1587,26.4000
238,4,5.8682,1.2010,26.2100
238,5,6.7274,1.2330,26.4000
238,6,6.8367,1.2571,26.4000
238,7,6.7299,1.2557,26.4000
238,8,6.7705,1.2379,26.4000
238,9,6.8356,1.1552,26.4000
238,10,6.6457,1.2385,26.4000
238,11,6.8152,1.2069,26.4000
238,12,6.6175,1.1826,26.4000
238,13,6.7443,1.5414,26.4000
238,14,6.4139,1.0614,26.4000
238,15,6.4597,1.3624,26.4000
238,16,6.6825,1.3665,26.4000
238,17,6.6935,1.2185,26.4000
238,18,6.6762,1.4001,26.4000
238,19,6.4431,1.1654,26.4000
239,0,6.1627,1.2643,26.4000
239,1,6.3143,1.0970,26.4000
239,2,6.3013,1.2879,26.4000
239,3,6.7233,1.1785,26.4000
239,4,6.3713,1.2152,26.4000
239,5,6.7274,1.2330,26.4000
239,6,6.8112,1.2710,26.4000
239,7,6.8250,1.2604,26.4000
239,8,6.7564,1.2898,26.4000
239,9,6.7664,1.1490,26.4000
239,10,6.7238,1.2305,26.4000
239,11,6.7623,1.2036,26.4000
239,12,6.6036,1.1860,26.4000
239,13,6.7498,1.5622,26.4000
239,14,6.4363,1.1136,26.4000
239,15,6.4382,1.4831,26.4000
239,16,6.7888,1.1691,26.4000
239,17,6.6867,1.2166,26.4000
239,18,6.3596,1.2830,26.4000
239,19,6.5534,1.1685,26.4000
240,0,6.4601,1.2356,26.4000
240,1,6.4868,1.1189,26.4000
240,2,6.4461,1.2909,26.4000
240,3,6.7892,1.2208,26.4000
240,4,6.4672,1.2138,26.4000
240,5,6.7274,1.2330,26.4000
240,6,6.8161,1.2776,26.4000
240,7,6.8998,1.1662,26.4000
240,8,6.5920,1.3015,26.4000
240,9,6.7854,1.1112,26.4000
240,10,6.5369,1.1991,26.4000
240,11,6.7505,1.2245,26.4000
240,12,6.5390,1.2106,26.4000
240,13,6.7483,1.5833,26.4000
240,14,6.3843,1.1460,26.4000
240,15,6.6274,1.4627,26.4000
240,16,6.8955,1.0604,26.4000
240,17,6.6887,1.2219,26.4000
240,18,6.2467,1.2075,26.4000
240,19,6.5704,1.2054,26.4000
241,0,6.3910,1.2235,26.4000
241,1,6.6155,1.1946,26.4000
241,2,6.5737,1.2588,26.4000
241,3,6.8092,1.2296,26.4000
241,4,6.5694,1.2163,26.4000
241,5,6.7274,1.2330,26.4000
241,6,6.7939,1.2706,26.4000
241,7,6.8682,1.0878,26.4000
241,8,6.6114,1.2601,26.4000
241,9,6.8343,1.1642,26.4000
241,10,6.5034,1.2088,26.4000
241,11,6.7708,1.2219,26.4000
241,12,6.5521,1.2122,26.4000
241,13,6.7310,1.5872,26.4000
241,14,6.5188,1.1767,26.4000
241,15,6.7289,1.4094,26.4000
241,16,6.8964,1.0744,26.4000
241,17,6.6991,1.2215,26.4000
241,18,6.5234,1.5282,26.4000
241,19,6.5692,1.2326,26.4000
242,0,6.3578,1.2620,26.4000
242,1,6.6121,1.1961,26.4000
242,2,6.5371,1.2532,26.4000
242,3,6.9305,1.2277,26.4000
242,4,6.3932,1.2283,26.4000
242,5,6.7274,1.2330,26.4000
242,6,6.7412,1.2580,26.4000
242,7,6.8353,1.1798,26.4000
242,8,6.5784,1.2374,26.4000
242,9,6.8267,1.1973,26.4000
242,10,6.4675,1.2236,26.4000
242,11,6.7828,1.2163,26.4000
242,12,6.6304,1.1960,26.4000
242,13,6.7229,1.5068,26.4000
242,14,6.6413,1.0945,26.4000
242,15,6.4077,1.3912,26.4000
242,16,6.7715,1.0709,26.4000
242,17,6.7080,1.2220,26.4000
242,18,6.5815,1.5548,26.4000
242,19,6.6345,1.2271,26.4000
243,0,6.5497,1.2692,26.4000
243,1,6.5051,1.1965,26.4000
243,2,6.5073,1.2719,26.4000
243,3,6.9381,1.1986,26.4000
243,4,6.3050,1.2294,26.4000
243,5,6.7274,1.2330,26.4000
243,6,6.7063,1.2511,26.4000
243,7,6.7543,1.1601,26.4000
243,8,6.6395,1.2307,26.4000
243,9,6.8637,1.1474,26.4000
243,10,6.5433,1.2312,26.4000
243,11,6.8278,1.2125,26.4000
243,12,6.6122,1.1817,26.4000
243,13,6.7297,1.3985,26.4000
243,14,6.5702,1.0294,26.4000
243,15,6.4058,1.4994,26.4000
243,16,6.7165,1.1905,26.4000
243,17,6.6644,1.2299,26.4000
243,18,6.5039,1.5379,26.4000
243,19,6.5493,1.2081,26.4000
244,0,6.6302,1.2529,26.4000
244,1,6.4510,1.0635,26.4000
244,2,6.4270,1.2761,26.4000
244,3,6.8020,1.1865,26.4000
244,4,6.4577,1.2213,26.4000
244,5,6.7274,1.2330,26.4000
244,6,6.7998,1.2585,26.4000
244,7,6.8023,1.1544,26.4000
244,8,6.6799,1.2952,26.4000
244,9,6.8339,1.1286,26.4000
244,10,6.6923,1.2348,26.4000
244,11,6.8323,1.2283,26.4000
244,12,6.6298,1.2136,26.4000
244,13,6.7495,1.5018,26.4000
244,14,6.5308,1.0222,26.4000
244,15,6.4983,1.5169,26.4000
244,16,6.6955,1.2736,26.4000
244,17,6.6914,1.2179,26.4000
244,18,6.5012,1.5816,26.4000
244,19,6.6627,1.1721,26.4000
245,0,6.6302,1.2440,26.4000
245,1,6.6381,1.0352,26.4000
245,2,6.4966,1.2854,26.4000
245,3,6.8259,1.2102,26.4000
245,4,6.5688,1.1976,26.4000
245,5,6.7274,1.2330,26.4000
245,6,6.8339,1.2694,26.4000
245,7,6.8095,1.1551,26.4000
245,8,6.6380,1.2824,26.4000
245,9,6.7636,1.1799,26.4000
245,10,6.6940,1.2070,26.4000
245,11,6.8391,1.2324,26.4000
245,12,6.5782,1.2016,26.4000
245,13,6.7510,1.5667,26.4000
245,14,6.5279,1.1954,26.4000
245,15,6.6537,1.3648,26.4000
245,16,6.7586,1.1340,26.4000
245,17,6.7107,1.2208,26.4000
245,18,6.4610,1.3480,26.4000
245,19,6.6779,1.1995,26.4000
246,0,6.4224,1.2509,26.4000
246,1,6.5591,1.1955,26.4000
246,2,6.4701,1.2767,26.4000
246,3,6.8767,1.2290,26.4000
246,4,6.7367,1.2039,26.4000
246,5,6.7274,1.2330,26.4000
246,6,6.7924,1.2635,26.4000
246,7,6.8134,1.1630,26.4000
246,8,6.6667,1.2412,26.4000
246,9,6.8181,1.0923,26.4000
246,10,6.4995,1.1991,26.4000
246,11,6.7651,1.2219,26.4000
246,12,6.6508,1.1727,26.4000
246,13,6.7462,1.4433,26.4000
246,14,6.4409,1.2644,26.4000
246,15,6.4975,1.3954,26.4000
246,16,6.8313,1.0620,26.4000
246,17,6.7204,1.2313,26.4000
246,18,6.4733,1.2412,26.4000
246,19,6.6076,1.2440,26.4000
247,0,6.3374,1.2424,26.4000
247,1,6.5438,1.2170,26.4000
247,2,6.5477,1.2317,26.4000
247,3,6.9130,1.2358,26.4000
247,4,6.3626,1.2235,26.4000
247,5,6.7274,1.2330,26.4000
247,6,6.7134,1.2609,26.4000
247,7,6.7873,1.1549,26.4000
247,8,6.6484,1.2315,26.4000
247,9,6.8777,1.1479,26.4000
247,10,6.5071,1.2184,26.4000
247,11,6.7080,1.1967,26.4000
247,12,6.5456,1.1634,26.4000
247,13,6.7302,1.4173,26.4000
247,14,6.4132,1.2562,26.4000
247,15,6.4828,1.2819,26.4000
247,16,6.8399,1.1752,26.4000
247,17,6.6614,1.2189,26.4000
247,18,6.4560,1.4275,26.4000
247,19,6.5414,1.2104,26.4000
248,0,6.1453,1.2541,26.4000
248,1,6.6305,1.0230,26.4000
248,2,6.5204,1.2547,26.4000
248,3,6.8180,1.1870,26.4000
248,4,6.1661,1.2168,26.4000
248,5,6.7274,1.2330,26.4000
248,6,6.6952,1.2444,26.4000
248,7,6.7487,1.1479,26.4000
248,8,6.6072,1.2596,26.4000
248,9,6.8667,1.1340,26.4000
248,10,6.6448,1.2345,26.4000
248,11,6.7701,1.2056,26.4000
248,12,6.5378,1.1838,26.4000
248,13,6.7367,1.3535,26.4000
248,14,6.5114,1.1554,26.4000
248,15,6.5488,1.4423,26.4000
248,16,6.8490,1.2470,26.4000
248,17,6.6361,1.2225,26.4000
248,18,6.4255,1.6058,26.4000
248,19,6.5386,1.2045,26.4000
249,0,6.4685,1.2651,26.4000
249,1,6.5389,1.0928,26.4000
249,2,6.4242,1.2806,26.4000
249,3,6.7702,1.1641,26.4000
249,4,6.3112,1.2053,26.4000
249,5,6.7274,1.2330,26.4000
249,6,6.8559,1.2689,26.4000
249,7,6.7270,1.1541,26.4000
249,8,6.6364,1.2890,26.4000
249,9,6.7688,1.1247,26.4000
249,10,6.6923,1.2353,26.4000
249,11,6.8294,1.2245,26.4000
249,12,6.6577,1.2152,26.4000
249,13,6.7525,1.2876,26.4000
249,14,6.3456,1.1008,26.4000
249,15,6.7522,1.3762,26.4000
249,16,6.8467,1.0746,26.4000
249,17,6.7176,1.2170,26.4000
249,18,6.3488,1.6627,26.4000
249,19,6.5823,1.1902,26.4000
250,0,6.6595,1.2651,26.4000
250,1,6.3480,1.1649,26.4000
250,2,6.3068,1.2628,26.4000
250,3,6.7548,1.2046,26.4000
250,4,6.3515,1.2153,26.4000
250,5,6.7274,1.2330,26.4000
250,6,6.8985,1.2833,26.4000
250,7,6.7272,1.1055,26.4000
250,8,6.6341,1.2911,26.4000
250,9,6.8111,1.1395,26.4000
250,10,6.5670,1.2319,26.4000
250,11,6.8226,1.2152,26.4000
250,12,6.6105,1.1896,26.4000
250,13,6.7527,1.2140,26.4000
250,14,6.5513,1.1650,26.4000
250,15,6.5384,1.3579,26.4000
250,16,6.7746,0.9997,25.2000
250,17,6.7349,1.2117,26.4000
250,18,6.5220,1.3409,26.4000
250,19,6.6597,1.2104,26.4000
251,0,6.3203,1.2378,26.4000
251,1,6.2324,1.1332,26.4000
251,2,6.5911,1.2435,26.4000
251,3,6.9426,1.1809,26.4000
251,4,6.4537,1.2253,26.4000
251,5,6.7274,1.2330,26.4000
251,6,6.7308,1.2483,26.4000
251,7,6.7925,1.0932,26.4000
251,8,6.6402,1.2540,26.4000
251,9,6.8622,1.2087,26.4000
251,10,6.5417,1.2034,26.4000
251,11,6.7604,1.2007,26.4000
251,12,6.6109,1.1996,26.4000
251,13,6.7364,1.4689,26.4000
251,14,6.4981,1.1681,26.4000
251,15,6.3527,1.4364,26.4000
251,16,6.8411,1.2047,26.4000
251,17,6.6960,1.2104,26.4000
251,18,6.4462,1.3668,26.4000
251,19,6.6934,1.1997,26.4000
252,0,6.2978,1.2335,26.4000
252,1,6.2464,1.1591,26.4000
252,2,6.7100,1.2281,26.4000
252,3,6.9439,1.1980,26.4000
252,4,6.4168,1.2221,26.4000
252,5,6.7274,1.2330,26.4000
252,6,6.7552,1.2329,26.4000
252,7,6.8372,1.1863,26.4000
252,8,6.6403,1.2711,26.4000
252,9,6.8788,1.0963,26.4000
252,10,6.4762,1.1995,26.4000
252,11,6.7732,1.2194,26.4000
252,12,6.6283,1.2067,26.4000
252,13,6.7370,1.6036,26.4000
252,14,6.4952,1.1460,26.4000
252,15,6.2712,1.4463,26.4000
252,16,6.9171,1.1909,26.4000
252,17,6.6790,1.2123,26.4000
252,18,6.4457,1.4701,26.4000
252,19,6.7309,1.2017,26.4000
253,0,6.5768,1.2690,26.4000
253,1,6.7000,1.1509,26.4000
253,2,6.6626,1.2397,26.4000
253,3,6.7855,1.2067,26.4000
253,4,6.4344,1.2009,26.4000
253,5,6.7274,1.2330,26.4000
253,6,6.7740,1.2378,26.4000
253,7,6.8162,1.1789,26.4000
253,8,6.6721,1.2986,26.4000
253,9,6.8554,1.0945,26.4000
253,10,6.4730,1.1976,26.4000
253,11,6.7630,1.2303,26.4000
253,12,6.5372,1.1973,26.4000
253,13,6.7391,1.4427,26.4000
253,14,6.4830,1.0472,26.4000
253,15,6.3891,1.3651,26.4000
253,16,6.9315,1.0595,26.4000
253,17,6.6928,1.2233,26.4000
253,18,6.4273,1.4134,26.4000
253,19,6.4241,1.2229,26.4000
254,0,6.4425,1.2753,26.4000
254,1,6.6556,1.0594,26.4000
254,2,6.4990,1.2871,26.4000
254,3,6.7153,1.2058,26.4000
254,4,6.4689,1.2114,26.4000
254,5,6.7274,1.2330,26.4000
254,6,6.8245,1.2813,26.4000
254,7,6.8471,1.1993,26.4000
254,8,6.7324,1.2672,26.4000
254,9,6.8377,1.1849,26.4000
254,10,6.5420,1.1954,26.4000
254,11,6.7845,1.2036,26.4000
254,12,6.6392,1.2105,26.4000
254,13,6.7454,1.4347,26.4000
254,14,6.4815,1.1020,26.4000
254,15,6.7147,1.3495,26.4000
254,16,6.7923,0.9963,25.2000
254,17,6.6908,1.2242,26.4000
254,18,6.5616,1.4513,26.4000
254,19,6.4932,1.2293,26.4000
255,0,6.2503,1.2569,26.4000
255,1,6.6975,1.0894,26.4000
255,2,6.3972,1.3022,26.4000
255,3,6.7733,1.1564,26.4000
255,4,6.3284,1.2236,26.4000
255,5,6.7274,1.2330,26.4000
255,6,6.8592,1.2883,26.4000
255,7,6.8622,1.1245,26.4000
255,8,6.6548,1.2400,26.4000
255,9,6.7962,1.2184,26.4000
255,10,6.6522,1.2193,26.4000
255,11,6.7914,1.2084,26.4000
255,12,6.6459,1.2256,26.4000
255,13,6.7455,1.4193,26.4000
255,14,6.3893,1.1678,26.4000
255,15,6.7269,1.3420,26.4000
255,16,6.7555,1.0985,26.4000
255,17,6.6933,1.2188,26.4000
255,18,6.6077,1.4067,26.4000
255,19,6.6148,1.2000,26.4000
256,0,6.5698,1.2598,26.4000
256,1,6.5114,1.1064,26.4000
256,2,6.3412,1.3095,26.4000
256,3,6.9393,1.1517,26.4000
256,4,6.4206,1.2131,26.4000
256,5,6.7274,1.2330,26.4000
256,6,6.8378,1.2729,26.4000
256,7,6.7349,1.1790,26.4000
256,8,6.5231,1.2253,26.4000
256,9,6.7966,1.1084,26.4000
256,10,6.6400,1.2367,26.4000
256,11,6.7470,1.2072,26.4000
256,12,6.6242,1.2350,26.4000
256,13,6.7350,1.3830,26.4000
256,14,6.5738,1.1297,26.4000
256,15,6.4669,1.4624,26.4000
256,16,6.7565,1.2348,26.4000
256,17,6.7137,1.2213,26.4000
256,18,6.4766,1.2898,26.4000
256,19,6.5357,1.1844,26.4000
257,0,6.4644,1.2469,26.4000
257,1,6.4685,1.0761,26.4000
257,2,6.3673,1.2510,26.4000
257,3,6.9142,1.1997,26.4000
257,4,6.4492,1.2140,26.4000
257,5,6.7274,1.2330,26.4000
257,6,6.7646,1.2602,26.4000
257,7,6.7815,1.1725,26.4000
257,8,6.5643,1.2594,26.4000
257,9,6.8235,1.1130,26.4000
257,10,6.6231,1.2269,26.4000
257,11,6.8090,1.2103,26.4000
257,12,6.6568,1.1779,26.4000
257,13,6.7375,1.4000,26.4000
257,14,6.6435,1.0461,26.4000
257,15,6.3595,1.4616,26.4000
257,16,6.8674,1.2947,26.4000
257,17,6.6691,1.2230,26.4000
257,18,6.3274,1.4321,26.4000
257,19,6.4748,1.1896,26.4000
258,0,6.4552,1.2555,26.4000
258,1,6.6432,1.1052,26.4000
258,2,6.7181,1.2365,26.4000
258,3,6.9093,1.2049,26.4000
258,4,6.7136,1.2098,26.4000
258,5,6.7274,1.2330,26.4000
258,6,6.7884,1.2570,26.4000
258,7,6.7891,1.1648,26.4000
258,8,6.5867,1.2923,26.4000
258,9,6.8366,1.1284,26.4000
258,10,6.5037,1.2081,26.4000
258,11,6.8320,1.2067,26.4000
258,12,6.6351,1.1881,26.4000
258,13,6.7411,1.3796,26.4000
258,14,6.4434,1.1280,26.4000
258,15,6.6359,1.4970,26.4000
258,16,6.8380,1.1079,26.4000
258,17,6.6844,1.2221,26.4000
258,18,6.4659,1.4003,26.4000
258,19,6.3980,1.2005,26.4000
259,0,6.5379,1.2415,26.4000
259,1,6.5993,1.1040,26.4000
259,2,6.5647,1.2796,26.4000
259,3,6.9287,1.1990,26.4000
259,4,6.7178,1.2004,26.4000
259,5,6.7274,1.2330,26.4000
259,6,6.8204,1.2629,26.4000
259,7,6.7768,1.1465,26.4000
259,8,6.6831,1.2608,26.4000
259,9,6.7447,1.2164,26.4000
259,10,6.6257,1.2103,26.4000
259,11,6.7493,1.2073,26.4000
259,12,6.6345,1.2228,26.4000
259,13,6.7352,1.4823,26.4000
259,14,6.4747,1.2161,26.4000
259,15,6.7516,1.3312,26.4000
259,16,6.7669,1.0424,26.4000
259,17,6.6978,1.2233,26.4000
259,18,6.5583,1.4646,26.4000
259,19,6.6560,1.2244,26.4000
260,0,6.6729,1.2560,26.4000
260,1,6.4529,1.1988,26.4000
260,2,6.4403,1.2788,26.4000
260,3,6.8491,1.1930,26.4000
260,4,6.2914,1.2107,26.4000
260,5,6.7274,1.2330,26.4000
260,6,6.7998,1.2814,26.4000
260,7,6.8017,1.1961,26.4000
260,8,6.7401,1.2248,26.4000
260,9,6.8029,1.1519,26.4000
260,10,6.6265,1.2124,26.4000
260,11,6.7707,1.2038,26.4000
260,12,6.6245,1.1896,26.4000
260,13,6.7448,1.5157,26.4000
260,14,6.5787,1.2110,26.4000
260,15,6.6970,1.4732,26.4000
260,16,6.7569,1.1658,26.4000
260,17,6.6921,1.2204,26.4000
260,18,6.5655,1.5093,26.4000
260,19,6.7437,1.2149,26.4000
261,0,6.5994,1.2491,26.4000
261,1,6.4648,1.2365,26.4000
261,2,6.3889,1.2482,26.4000
261,3,6.8351,1.2114,26.4000
261,4,6.2106,1.2263,26.4000
261,5,6.7274,1.2330,26.4000
261,6,6.7711,1.2481,26.4000
261,7,6.7727,1.2042,26.4000
261,8,6.7499,1.2420,26.4000
261,9,6.8428,1.0372,26.4000
261,10,6.5192,1.2085,26.4000
261,11,6.8441,1.2116,26.4000
261,12,6.5188,1.1935,26.4000
261,13,6.7512,1.5434,26.4000
261,14,6.5807,1.1880,26.4000
261,15,6.4438,1.4624,26.4000
261,16,6.7786,1.2338,26.4000
261,17,6.6684,1.2168,26.4000
261,18,6.5042,1.5401,26.4000
261,19,6.5664,1.1878,26.4000
262,0,6.3424,1.2505,26.4000
262,1,6.4161,1.1789,26.4000
262,2,6.5042,1.2643,26.4000
262,3,6.8834,1.1894,26.4000
262,4,6.4377,1.2168,26.4000
262,5,6.7274,1.2330,26.4000
262,6,6.7959,1.2485,26.4000
262,7,6.8246,1.1161,26.4000
262,8,6.6349,1.2805,26.4000
262,9,6.7810,1.0392,26.4000
262,10,6.5754,1.2080,26.4000
262,11,6.8160,1.2322,26.4000
262,12,6.6070,1.2005,26.4000
262,13,6.7401,1.4313,26.4000
262,14,6.4996,1.0615,26.4000
262,15,6.4265,1.3263,26.4000
262,16,6.8627,1.0791,26.4000
262,17,6.6792,1.2092,26.4000
262,18,6.6211,1.4212,26.4000
262,19,6.4396,1.2103,26.4000
263,0,6.3815,1.2369,26.4000
263,1,6.5521,1.0923,26.4000
263,2,6.4696,1.2619,26.4000
263,3,6.9359,1.1532,26.4000
263,4,6.6702,1.1951,26.4000
263,5,6.7274,1.2330,26.4000
263,6,6.8341,1.2556,26.4000
263,7,6.8146,1.0570,26.4000
263,8,6.6008,1.3045,26.4000
263,9,6.7338,1.1806,26.4000
263,10,6.6077,1.2077,26.4000
263,11,6.7772,1.2163,26.4000
263,12,6.6652,1.1951,26.4000
263,13,6.7320,1.3088,26.4000
263,14,6.4629,1.0200,26.4000
263,15,6.4425,1.3146,26.4000
263,16,6.9017,1.0715,26.4000
263,17,6.6913,1.2136,26.4000
263,18,6.7407,1.3261,26.4000
263,19,6.4676,1.2224,26.4000
264,0,6.5417,1.2363,26.4000
264,1,6.6232,1.0424,26.4000
264,2,6.4900,1.2662,26.4000
264,3,6.9714,1.1576,26.4000
264,4,6.5828,1.1870,26.4000
264,5,6.7274,1.2330,26.4000
264,6,6.8402,1.2532,26.4000
264,7,6.8036,1.1378,26.4000
264,8,6.5456,1.2493,26.4000
264,9,6.7591,1.2424,26.4000
264,10,6.5764,1.2040,26.4000
264,11,6.7477,1.2078,26.4000
264,12,6.6423,1.1988,26.4000
264,13,6.7403,1.2653,26.4000
264,14,6.5208,1.2083,26.4000
264,15,6.4345,1.4070,26.4000
264,16,6.8208,1.1502,26.4000
264,17,6.6804,1.2132,26.4000
264,18,6.6157,1.2805,26.4000
264,19,6.6134,1.2132,26.4000
265,0,6.5840,1.2394,26.4000
265,1,6.5674,1.1475,26.4000
265,2,6.7316,1.2586,26.4000
265,3,6.9128,1.1986,26.4000
265,4,6.0639,1.2053,26.4000
265,5,6.7274,1.2330,26.4000
265,6,6.7956,1.2539,26.4000
265,7,6.8241,1.2193,26.4000
265,8,6.5942,1.2332,26.4000
265,9,6.8762,1.1919,26.4000
265,10,6.4818,1.1973,26.4000
265,11,6.7711,1.2026,26.4000
265,12,6.5710,1.1891,26.4000
265,13,6.7503,1.3713,26.4000
265,14,6.5513,1.2112,26.4000
265,15,6.6640,1.4328,26.4000
265,16,6.7592,1.1082,26.4000
265,17,6.6729,1.2131,26.4000
265,18,6.5006,1.3329,26.4000
265,19,6.6400,1.2040,26.4000
266,0,6.6129,1.2598,26.4000
266,1,6.4533,1.1794,26.4000
266,2,6.7584,1.2821,26.4000
266,3,6.9308,1.2296,26.4000
266,4,5.9784,1.2376,26.2100
266,5,6.7274,1.2330,26.4000
266,6,6.7954,1.2562,26.4000
266,7,6.7669,1.2453,26.4000
266,8,6.6862,1.2421,26.4000
266,9,6.8433,1.0628,26.4000
266,10,6.5944,1.2039,26.4000
266,11,6.7992,1.2030,26.4000
266,12,6.5752,1.2161,26.4000
266,13,6.7530,1.5705,26.4000
266,14,6.4423,1.0373,26.4000
266,15,6.7232,1.5246,26.4000
266,16,6.8585,1.1772,26.4000
266,17,6.6751,1.2136,26.4000
266,18,6.5916,1.3949,26.4000
266,19,6.5580,1.1972,26.4000
267,0,6.5727,1.2659,26.4000
267,1,6.4467,1.1532,26.4000
267,2,6.4744,1.2677,26.4000
267,3,6.8458,1.1705,26.4000
267,4,6.3220,1.2282,26.4000
267,5,6.7274,1.2330,26.4000
267,6,6.7940,1.2741,26.4000
267,7,6.7369,1.0770,26.4000
267,8,6.6720,1.2894,26.4000
267,9,6.8681,1.0870,26.4000
267,10,6.6274,1.2100,26.4000
267,11,6.7973,1.2133,26.4000
267,12,6.5453,1.2100,26.4000
267,13,6.7384,1.5773,26.4000
267,14,6.3967,1.0237,26.4000
267,15,6.4764,1.5269,26.4000
267,16,6.8421,1.1932,26.4000
267,17,6.6953,1.2205,26.4000
267,18,6.6617,1.5082,26.4000
267,19,6.5461,1.1968,26.4000
268,0,6.3351,1.2543,26.4000
268,1,6.4665,1.0374,26.4000
268,2,6.3396,1.2804,26.4000
268,3,6.8287,1.1824,26.4000
268,4,6.7035,1.1987,26.4000
268,5,6.7274,1.2330,26.4000
268,6,6.8179,1.2523,26.4000
268,7,6.8036,1.0343,26.4000
268,8,6.6005,1.3237,26.4000
268,9,6.8106,1.1164,26.4000
268,10,6.6598,1.2268,26.4000
268,11,6.7920,1.2067,26.4000
268,12,6.6102,1.2226,26.4000
268,13,6.7259,1.4058,26.4000
268,14,6.5079,1.1153,26.4000
268,15,6.2939,1.3915,26.4000
268,16,6.8251,1.1210,26.4000
268,17,6.6908,1.2196,26.4000
268,18,6.4548,1.4427,26.4000
268,19,6.5425,1.2034,26.4000
269,0,6.3694,1.2406,26.4000
269,1,6.4313,1.0084,26.4000
269,2,6.5001,1.2619,26.4000
269,3,6.9152,1.2164,26.4000
269,4,6.7858,1.2041,26.4000
269,5,6.7274,1.2330,26.4000
269,6,6.8110,1.2612,26.4000
269,7,6.8615,1.1608,26.4000
269,8,6.5830,1.2773,26.4000
269,9,6.7535,1.0981,26.4000
269,10,6.6095,1.2070,26.4000
269,11,6.8267,1.2032,26.4000
269,12,6.6847,1.1917,26.4000
269,13,6.7304,1.4672,26.4000
269,14,6.4844,1.2173,26.4000
269,15,6.2534,1.3791,26.4000
269,16,6.7658,1.0956,26.4000
269,17,6.6857,1.2110,26.4000
269,18,6.5323,1.4794,26.4000
269,19,6.6807,1.2172,26.4000
270,0,6.2138,1.2481,26.4000
270,1,6.5164,1.1939,26.4000
270,2,6.5054,1.2487,26.4000
270,3,6.8159,1.1830,26.4000
270,4,6.2251,1.2107,26.4000
270,5,6.7274,1.2330,26.4000
270,6,6.7943,1.2747,26.4000
270,7,6.8114,1.1933,26.4000
270,8,6.5570,1.2328,26.4000
270,9,6.7798,1.1101,26.4000
270,10,6.5787,1.2149,26.4000
270,11,6.8295,1.2210,26.4000
270,12,6.5602,1.1767,26.4000
270,13,6.7382,1.5067,26.4000
270,14,6.5891,1.2232,26.4000
270,15,6.6521,1.4489,26.4000
270,16,6.8436,1.0859,26.4000
270,17,6.6844,1.2161,26.4000
270,18,6.5919,1.3666,26.4000
270,19,6.7739,1.2140,26.4000
271,0,6.5192,1.2485,26.4000
271,1,6.6067,1.2016,26.4000
271,2,6.6145,1.2607,26.4000
271,3,6.7784,1.1656,26.4000
271,4,6.0107,1.2238,26.4000
271,5,6.7274,1.2330,26.4000
271,6,6.7549,1.2767,26.4000
271,7,6.7822,1.2023,26.4000
271,8,6.6060,1.2197,26.4000
271,9,6.8797,1.1336,26.4000
271,10,6.6179,1.2011,26.4000
271,11,6.7840,1.2187,26.4000
271,12,6.5453,1.2072,26.4000
271,13,6.7443,1.3625,26.4000
271,14,6.5553,1.1639,26.4000
271,15,6.7767,1.3730,26.4000
271,16,6.8473,1.2085,26.4000
271,17,6.6958,1.2261,26.4000
271,18,6.6091,1.3441,26.4000
271,19,6.5685,1.2184,26.4000
272,0,6.5964,1.2569,26.4000
272,1,6.5781,1.1827,26.4000
272,2,6.6101,1.2617,26.4000
272,3,6.7460,1.1585,26.4000
272,4,6.2885,1.2383,26.4000
272,5,6.7274,1.2330,26.4000
272,6,6.7540,1.2477,26.4000
272,7,6.7366,1.1570,26.4000
272,8,6.7237,1.2889,26.4000
272,9,6.8093,1.1489,26.4000
272,10,6.6095,1.2046,26.4000
272,11,6.7739,1.2146,26.4000
272,12,6.6241,1.1952,26.4000
272,13,6.7512,1.1893,26.4000
272,14,6.5910,1.0657,26.4000
272,15,6.5978,1.2175,26.4000
272,16,6.7645,1.1725,26.4000
272,17,6.6839,1.2266,26.4000
272,18,6.4370,1.3884,26.4000
272,19,6.3781,1.2169,26.4000
273,0,6.3630,1.2550,26.4000
273,1,6.4857,1.1722,26.4000
273,2,6.4423,1.2853,26.4000
273,3,6.7433,1.1694,26.4000
273,4,6.6028,1.2093,26.4000
273,5,6.7274,1.2330,26.4000
273,6,6.8414,1.2551,26.4000
273,7,6.7155,1.1674,26.4000
273,8,6.7527,1.3103,26.4000
273,9,6.8026,1.1600,26.4000
273,10,6.4731,1.2284,26.4000
273,11,6.7389,1.2241,26.4000
273,12,6.6860,1.2157,26.4000
273,13,6.7366,1.1699,26.4000
273,14,6.4159,1.1298,26.4000
273,15,6.3157,1.3519,26.4000
273,16,6.7545,1.1293,26.4000
273,17,6.6856,1.2166,26.4000
273,18,6.2734,1.3793,26.4000
273,19,6.4393,1.2062,26.4000
274,0,6.4097,1.2524,26.4000
274,1,6.4191,1.1917,26.4000
274,2,6.3321,1.2504,26.4000
274,3,6.7522,1.1812,26.4000
274,4,6.6326,1.1978,26.4000
274,5,6.7274,1.2330,26.4000
274,6,6.8789,1.2781,26.4000
274,7,6.8049,1.0919,26.4000
274,8,6.7578,1.2713,26.4000
274,9,6.8341,1.2036,26.4000
274,10,6.5334,1.2191,26.4000
274,11,6.7648,1.2084,26.4000
274,12,6.7437,1.2190,26.4000
274,13,6.7329,1.3500,26.4000
274,14,6.3332,1.1356,26.4000
274,15,6.3729,1.4300,26.4000
274,16,6.8248,1.0868,26.4000
274,17,6.7041,1.2117,26.4000
274,18,6.3620,1.5014,26.4000
274,19,6.6727,1.1978,26.4000
275,0,6.4728,1.2335,26.4000
275,1,6.5164,1.2108,26.4000
275,2,6.5341,1.2344,26.4000
275,3,6.7859,1.2171,26.4000
275,4,6.4937,1.2037,26.4000
275,5,6.7274,1.2330,26.4000
275,6,6.7949,1.2866,26.4000
275,7,6.8133,1.1773,26.4000
275,8,6.6635,1.2617,26.4000
275,9,6.9153,1.1847,26.4000
275,10,6.6288,1.2221,26.4000
275,11,6.7821,1.2037,26.4000
275,12,6.7143,1.2234,26.4000
275,13,6.7317,1.5177,26.4000
275,14,6.2594,1.1710,26.4000
275,15,6.6519,1.5797,26.4000
275,16,6.8007,1.1729,26.4000
275,17,6.6738,1.2189,26.4000
275,18,6.6288,1.6116,26.4000
275,19,6.6963,1.1992,26.4000
276,0,6.3280,1.2590,26.4000
276,1,6.5222,1.1140,26.4000
276,2,6.5404,1.2842,26.4000
276,3,6.9076,1.2281,26.4000
276,4,6.1865,1.2069,26.4000
276,5,6.7274,1.2330,26.4000
276,6,6.7526,1.2516,26.4000
276,7,6.8048,1.2193,26.4000
276,8,6.6062,1.2697,26.4000
276,9,6.9031,1.1179,26.4000
276,10,6.6969,1.2209,26.4000
276,11,6.8017,1.2193,26.4000
276,12,6.6104,1.2160,26.4000
276,13,6.7370,1.4754,26.4000
276,14,6.3730,1.1519,26.4000
276,15,6.5753,1.6513,26.4000
276,16,6.8551,1.1411,26.4000
276,17,6.6692,1.2194,26.4000
276,18,6.7033,1.3651,26.4000
276,19,6.7126,1.1957,26.4000
277,0,6.0451,1.2656,26.4000
277,1,6.5939,1.0374,26.4000
277,2,6.3635,1.2839,26.4000
277,3,6.9440,1.1811,26.4000
277,4,6.1375,1.2273,26.4000
277,5,6.7274,1.2330,26.4000
277,6,6.7394,1.2380,26.4000
277,7,6.7395,1.1607,26.4000
277,8,6.5867,1.2854,26.4000
277,9,6.8447,1.1359,26.4000
277,10,6.6352,1.2092,26.4000
277,11,6.8375,1.2149,26.4000
277,12,6.5848,1.1983,26.4000
277,13,6.7434,1.3521,26.4000
277,14,6.4924,1.1208,26.4000
277,15,6.4953,1.5365,26.4000
277,16,6.8894,1.1591,26.4000
277,17,6.6585,1.2136,26.4000
277,18,6.5281,1.2741,26.4000
277,19,6.6134,1.1950,26.4000
278,0,6.3170,1.2578,26.4000
278,1,6.3246,1.0858,26.4000
278,2,6.4649,1.2545,26.4000
278,3,6.7760,1.1536,26.4000
278,4,6.2192,1.2357,26.4000
278,5,6.7274,1.2330,26.4000
278,6,6.8602,1.2329,26.4000
278,7,6.7590,1.1313,26.4000
278,8,6.5810,1.2547,26.4000
278,9,6.8337,1.1873,26.4000
278,10,6.5237,1.2083,26.4000
278,11,6.8529,1.2050,26.4000
278,12,6.5455,1.1947,26.4000
278,13,6.7481,1.2969,26.4000
278,14,6.4823,1.1160,26.4000
278,15,6.4884,1.4224,26.4000
278,16,6.8140,1.1625,26.4000
278,17,6.6645,1.2141,26.4000
278,18,6.4488,1.4225,26.4000
278,19,6.4216,1.1948,26.4000
279,0,6.7032,1.2573,26.4000
279,1,6.2733,1.1179,26.4000
279,2,6.4632,1.2480,26.4000
279,3,6.8587,1.1884,26.4000
279,4,6.4725,1.2096,26.4000
279,5,6.7274,1.2330,26.4000
279,6,6.8386,1.2523,26.4000
279,7,6.7559,1.1555,26.4000
279,8,6.5811,1.2856,26.4000
279,9,6.8552,1.1957,26.4000
279,10,6.5534,1.2069,26.4000
279,11,6.8419,1.2023,26.4000
279,12,6.5888,1.2268,26.4000
279,13,6.7562,1.4264,26.4000
279,14,6.5663,1.1761,26.4000
279,15,6.5310,1.3532,26.4000
279,16,6.8410,1.1294,26.4000
279,17,6.7008,1.2267,26.4000
279,18,6.6181,1.3459,26.4000
279,19,6.6024,1.2242,26.4000
280,0,6.6037,1.2587,26.4000
280,1,6.4376,1.0651,26.4000
280,2,6.6383,1.2811,26.4000
280,3,6.9446,1.2032,26.4000
280,4,6.6285,1.2070,26.4000
280,5,6.7274,1.2330,26.4000
280,6,6.7864,1.2628,26.4000
280,7,6.7896,1.0929,26.4000
280,8,6.6865,1.2776,26.4000
280,9,6.8616,1.1232,26.4000
280,10,6.6448,1.2132,26.4000
280,11,6.8229,1.2042,26.4000
280,12,6.6882,1.1870,26.4000
280,13,6.7411,1.4578,26.4000
280,14,6.5404,1.1552,26.4000
280,15,6.6614,1.5198,26.4000
280,16,6.8325,1.0919,26.4000
280,17,6.7044,1.2352,26.4000
280,18,6.7711,1.2877,26.4000
280,19,6.5329,1.2008,26.4000
281,0,6.1976,1.2542,26.4000
281,1,6.5684,1.1292,26.4000
281,2,6.6382,1.2814,26.4000
281,3,6.9079,1.1958,26.4000
281,4,6.2204,1.2127,26.4000
281,5,6.7274,1.2330,26.4000
281,6,6.7638,1.2849,26.4000
281,7,6.7992,1.1113,26.4000
281,8,6.6762,1.2370,26.4000
281,9,6.8464,1.1497,26.4000
281,10,6.7230,1.2244,26.4000
281,11,6.8120,1.2069,26.4000
281,12,6.5842,1.1520,26.4000
281,13,6.7292,1.3387,26.4000
281,14,6.5279,1.0697,26.4000
281,15,6.4268,1.4836,26.4000
281,16,6.8412,1.1560,26.4000
281,17,6.7004,1.2225,26.4000
281,18,6.4069,1.3969,26.4000
281,19,6.5104,1.2051,26.4000
282,0,6.1468,1.2520,26.4000
282,1,6.6256,1.1200,26.4000
282,2,6.4778,1.2544,26.4000
282,3,6.9146,1.1946,26.4000
282,4,6.1078,1.2159,26.4000
282,5,6.7274,1.2330,26.4000
282,6,6.7555,1.2745,26.4000
282,7,6.7672,1.1327,26.4000
282,8,6.5775,1.2193,26.4000
282,9,6.8068,1.1409,26.4000
282,10,6.6835,1.2042,26.4000
282,11,6.7597,1.2054,26.4000
282,12,6.5182,1.1651,26.4000
282,13,6.7327,1.2221,26.4000
282,14,6.2669,1.0220,26.4000
282,15,6.4092,1.3876,26.4000
282,16,6.8832,1.1746,26.4000
282,17,6.6747,1.2071,26.4000
282,18,6.3647,1.4947,26.4000
282,19,6.5739,1.2214,26.4000
283,0,6.0990,1.2511,26.4000
283,1,6.6163,1.0397,26.4000
283,2,6.5842,1.2308,26.4000
283,3,6.8690,1.1945,26.4000
283,4,6.4133,1.2118,26.4000
283,5,6.7274,1.2330,26.4000
283,6,6.7799,1.2352,26.4000
283,7,6.8163,1.1616,26.4000
283,8,6.6303,1.2866,26.4000
283,9,6.8544,1.1518,26.4000
283,10,6.5739,1.2079,26.4000
283,11,6.7815,1.2104,26.4000
283,12,6.6491,1.2047,26.4000
283,13,6.7408,1.4239,26.4000
283,14,6.1569,1.0181,26.4000
283,15,6.5059,1.4361,26.4000
283,16,6.8376,1.1621,26.4000
283,17,6.6778,1.2122,26.4000
283,18,6.4427,1.5575,26.4000
283,19,6.5584,1.2198,26.4000
284,0,6.2016,1.2567,26.4000
284,1,6.3500,0.9974,25.2000
284,2,6.4816,1.2319,26.4000
284,3,6.7949,1.1613,26.4000
284,4,6.4184,1.2136,26.4000
284,5,6.7274,1.2330,26.4000
284,6,6.8076,1.2137,26.4000
284,7,6.8418,1.2054,26.4000
284,8,6.6438,1.3046,26.4000
284,9,6.9116,1.1400,26.4000
284,10,6.5881,1.2022,26.4000
284,11,6.8052,1.2119,26.4000
284,12,6.6380,1.2051,26.4000
284,13,6.7437,1.3995,26.4000
284,14,6.3327,1.1465,26.4000
284,15,6.5050,1.5272,26.4000
284,16,6.8419,1.1165,26.4000
284,17,6.6800,1.2319,26.4000
284,18,6.7461,1.3407,26.4000
284,19,6.5025,1.1817,26.4000
285,0,6.5995,1.2571,26.4000
285,1,6.2253,1.0386,26.4000
285,2,6.4461,1.2870,26.4000
285,3,6.8283,1.1358,26.4000
285,4,6.3898,1.2221,26.4000
285,5,6.7274,1.2330,26.4000
285,6,6.7901,1.2463,26.4000
285,7,6.7941,1.1395,26.4000
285,8,6.6722,1.2745,26.4000
285,9,6.8838,1.1456,26.4000
285,10,6.6024,1.1975,26.4000
285,11,6.8068,1.2192,26.4000
285,12,6.6507,1.1933,26.4000
285,13,6.7464,1.4754,26.4000
285,14,6.5376,1.2016,26.4000
285,15,6.4264,1.5178,26.4000
285,16,6.8165,1.0957,26.4000
285,17,6.7018,1.2333,26.4000
285,18,6.7853,1.4698,26.4000
285,19,6.4214,1.1677,26.4000
286,0,6.3735,1.2372,26.4000
286,1,6.2311,1.1961,26.4000
286,2,6.4079,1.2911,26.4000
286,3,6.8633,1.1828,26.4000
286,4,6.3114,1.2080,26.4000
286,5,6.7274,1.2330,26.4000
286,6,6.7876,1.2753,26.4000
286,7,6.8144,1.1216,26.4000
286,8,6.7110,1.2690,26.4000
286,9,6.8339,1.1953,26.4000
286,10,6.6341,1.1990,26.4000
286,11,6.7584,1.2074,26.4000
286,12,6.6415,1.1795,26.4000
286,13,6.7369,1.4759,26.4000
286,14,6.6228,1.2219,26.4000
286,15,6.5710,1.3987,26.4000
286,16,6.8376,1.1403,26.4000
286,17,6.7029,1.2248,26.4000
286,18,6.3590,1.5074,26.4000
286,19,6.6562,1.2205,26.4000
287,0,6.2239,1.2368,26.4000
287,1,6.3346,1.2492,26.4000
287,2,6.4127,1.2508,26.4000
287,3,6.8607,1.2242,26.4000
287,4,6.2763,1.1969,26.4000
287,5,6.7274,1.2330,26.4000
287,6,6.7786,1.2629,26.4000
287,7,6.7839,1.1899,26.4000
287,8,6.7403,1.2520,26.4000
287,9,6.7353,1.2198,26.4000
287,10,6.5157,1.2284,26.4000
287,11,6.7411,1.2094,26.4000
287,12,6.5978,1.2166,26.4000
287,13,6.7335,1.4317,26.4000
287,14,6.6041,1.1519,26.4000
287,15,6.4270,1.3050,26.4000
287,16,6.9079,1.1626,26.4000
287,17,6.6555,1.2216,26.4000
287,18,6.2715,1.4343,26.4000
287,19,6.5439,1.2482,26.4000
288,0,6.4022,1.2579,26.4000
288,1,6.6167,1.2194,26.4000
288,2,6.4868,1.2339,26.4000
288,3,6.9261,1.1846,26.4000
288,4,6.5637,1.1960,26.4000
288,5,6.7274,1.2330,26.4000
288,6,6.7737,1.2655,26.4000
288,7,6.7809,1.1386,26.4000
288,8,6.6146,1.2513,26.4000
288,9,6.7340,1.0712,26.4000
288,10,6.5377,1.2430,26.4000
288,11,6.7692,1.2228,26.4000
288,12,6.6015,1.2009,26.4000
288,13,6.7418,1.5477,26.4000
288,14,6.4864,1.0977,26.4000
288,15,6.4160,1.2896,26.4000
288,16,6.8887,1.1397,26.4000
288,17,6.6564,1.2226,26.4000
288,18,6.4584,1.4208,26.4000
288,19,6.5352,1.1866,26.4000
289,0,6.6056,1.2764,26.4000
289,1,6.6269,1.1372,26.4000
289,2,6.5905,1.2638,26.4000
289,3,6.8062,1.1564,26.4000
289,4,6.7428,1.2303,26.4000
289,5,6.7274,1.2330,26.4000
289,6,6.8026,1.2420,26.4000
289,7,6.8369,1.1284,26.4000
289,8,6.5760,1.2688,26.4000
289,9,6.7453,1.0747,26.4000
289,10,6.6101,1.2085,26.4000
289,11,6.8116,1.2111,26.4000
289,12,6.5306,1.1778,26.4000
289,13,6.7548,1.4957,26.4000
289,14,6.4233,1.0855,26.4000
289,15,6.5390,1.4434,26.4000
289,16,6.8732,1.1779,26.4000
289,17,6.6775,1.2234,26.4000
289,18,6.4108,1.4430,26.4000
289,19,6.5354,1.1513,26.4000
290,0,6.5670,1.2710,26.4000
290,1,6.4836,1.0920,26.4000
290,2,6.5701,1.2776,26.4000
290,3,6.7722,1.1611,26.4000
290,4,6.8016,1.2404,26.4000
290,5,6.7274,1.2330,26.4000
290,6,6.8592,1.2574,26.4000
290,7,6.8278,1.1938,26.4000
290,8,6.6046,1.2735,26.4000
290,9,6.8685,1.1399,26.4000
290,10,6.5706,1.1896,26.4000
290,11,6.7956,1.1986,26.4000
290,12,6.6421,1.1773,26.4000
290,13,6.7535,1.4250,26.4000
290,14,6.4093,1.0478,26.4000
290,15,6.6136,1.5482,26.4000
290,16,6.8797,1.0978,26.4000
290,17,6.7133,1.2216,26.4000
290,18,6.3988,1.3234,26.4000
290,19,6.5573,1.2030,26.4000
291,0,6.3284,1.2628,26.4000
291,1,6.4361,1.0350,26.4000
291,2,6.3270,1.2548,26.4000
291,3,6.7880,1.2002,26.4000
291,4,6.7173,1.2061,26.4000
291,5,6.7274,1.2330,26.4000
291,6,6.8027,1.2606,26.4000
291,7,6.8305,1.1456,26.4000
291,8,6.6976,1.2799,26.4000
291,9,6.8420,1.1916,26.4000
291,10,6.6080,1.1907,26.4000
291,11,6.7872,1.2093,26.4000
291,12,6.6635,1.2036,26.4000
291,13,6.7455,1.3553,26.4000
291,14,6.4853,1.0889,26.4000
291,15,6.6295,1.3949,26.4000
291,16,6.8227,1.1336,26.4000
291,17,6.7253,1.2215,26.4000
291,18,6.4615,1.3487,26.4000
291,19,6.5043,1.2252,26.4000
292,0,6.0426,1.2486,26.4000
292,1,6.3691,1.0538,26.4000
292,2,6.4138,1.2622,26.4000
292,3,6.8122,1.2200,26.4000
292,4,6.1799,1.2109,26.4000
292,5,6.7274,1.2330,26.4000
292,6,6.7770,1.2432,26.4000
292,7,6.7834,1.1240,26.4000
292,8,6.6485,1.3004,26.4000
292,9,6.7615,1.1743,26.4000
292,10,6.6245,1.2056,26.4000
292,11,6.7860,1.2018,26.4000
292,12,6.6142,1.2268,26.4000
292,13,6.7423,1.4013,26.4000
292,14,6.6609,1.1465,26.4000
292,15,6.5980,1.4560,26.4000
292,16,6.8389,1.2366,26.4000
292,17,6.7283,1.2202,26.4000
292,18,6.4244,1.4952,26.4000
292,19,6.5087,1.2266,26.4000
293,0,6.1614,1.2454,26.4000
293,1,6.4366,1.0390,26.4000
293,2,6.5548,1.2663,26.4000
293,3,6.8394,1.1756,26.4000
293,4,6.2504,1.2311,26.4000
293,5,6.7274,1.2330,26.4000
293,6,6.7964,1.2373,26.4000
293,7,6.7498,1.1820,26.4000
293,8,6.5745,1.2831,26.4000
293,9,6.8256,1.1038,26.4000
293,10,6.5076,1.2074,26.4000
293,11,6.7861,1.2061,26.4000
293,12,6.5677,1.2325,26.4000
293,13,6.7448,1.5555,26.4000
293,14,6.3851,1.0907,26.4000
293,15,6.5164,1.4567,26.4000
293,16,6.8205,1.1698,26.4000
293,17,6.7162,1.2141,26.4000
293,18,6.4465,1.3516,26.4000
293,19,6.5096,1.2168,26.4000
294,0,6.4132,1.2460,26.4000
294,1,6.4223,1.1197,26.4000
294,2,6.6499,1.2654,26.4000
294,3,6.8983,1.1640,26.4000
294,4,6.3907,1.2066,26.4000
294,5,6.7274,1.2330,26.4000
294,6,6.8109,1.2717,26.4000
294,7,6.7712,1.1861,26.4000
294,8,6.6128,1.2768,26.4000
294,9,6.8886,1.0277,26.4000
294,10,6.5176,1.2203,26.4000
294,11,6.7683,1.2204,26.4000
294,12,6.6093,1.2166,26.4000
294,13,6.7384,1.4191,26.4000
294,14,6.2729,1.0496,26.4000
294,15,6.5774,1.5063,26.4000
294,16,6.7680,1.1228,26.4000
294,17,6.6838,1.2163,26.4000
294,18,6.3367,1.2388,26.4000
294,19,6.5876,1.1999,26.4000
295,0,6.7653,1.2381,26.4000
295,1,6.5289,1.1350,26.4000
295,2,6.6966,1.2692,26.4000
295,3,6.9304,1.1943,26.4000
295,4,6.7085,1.1957,26.4000
295,5,6.7274,1.2330,26.4000
295,6,6.8267,1.2626,26.4000
295,7,6.8103,1.1801,26.4000
295,8,6.6541,1.2807,26.4000
295,9,6.8534,1.0708,26.4000
295,10,6.5978,1.2160,26.4000
295,11,6.7970,1.2201,26.4000
295,12,6.6652,1.2028,26.4000
295,13,6.7351,1.2893,26.4000
295,14,6.5725,1.1414,26.4000
295,15,6.4655,1.5215,26.4000
295,16,6.8193,1.1463,26.4000
295,17,6.6605,1.2236,26.4000
295,18,6.5561,1.3042,26.4000
295,19,6.6921,1.2013,26.4000
296,0,6.6821,1.2517,26.4000
296,1,6.5113,1.0569,26.4000
296,2,6.3873,1.2552,26.4000
296,3,6.8732,1.1831,26.4000
296,4,6.3914,1.2025,26.4000
296,5,6.7274,1.2330,26.4000
296,6,6.8652,1.2525,26.4000
296,7,6.8066,1.1167,26.4000
296,8,6.6197,1.2456,26.4000
296,9,6.8203,1.1029,26.4000
296,10,6.5710,1.2062,26.4000
296,11,6.8406,1.2163,26.4000
296,12,6.6439,1.1921,26.4000
296,13,6.7323,1.3434,26.4000
296,14,6.5721,1.2184,26.4000
296,15,6.3245,1.4266,26.4000
296,16,6.8250,1.1662,26.4000
296,17,6.6838,1.2226,26.4000
296,18,6.3921,1.5231,26.4000
296,19,6.6380,1.2202,26.4000
297,0,6.4294,1.2616,26.4000
297,1,6.3743,1.0368,26.4000
297,2,6.4882,1.2448,26.4000
297,3,6.9218,1.1668,26.4000
297,4,6.3073,1.2126,26.4000
297,5,6.7274,1.2330,26.4000
297,6,6.7883,1.2398,26.4000
297,7,6.8143,1.0821,26.4000
297,8,6.5941,1.2724,26.4000
297,9,6.7997,1.1980,26.4000
297,10,6.5951,1.1940,26.4000
297,11,6.8086,1.2091,26.4000
297,12,6.5675,1.1733,26.4000
297,13,6.7362,1.4397,26.4000
297,14,6.6390,1.1198,26.4000
297,15,6.3953,1.2693,26.4000
297,16,6.8764,1.1164,26.4000
297,17,6.6963,1.2199,26.4000
297,18,6.4023,1.5886,26.4000
297,19,6.5897,1.2109,26.4000
298,0,6.2441,1.2543,26.4000
298,1,6.3627,1.1842,26.4000
298,2,6.5503,1.2329,26.4000
298,3,6.9102,1.1625,26.4000
298,4,6.3244,1.2352,26.4000
298,5,6.7274,1.2330,26.4000
298,6,6.7498,1.2347,26.4000
298,7,6.8001,1.1005,26.4000
298,8,6.5446,1.2947,26.4000
298,9,6.8006,1.1980,26.4000
298,10,6.5724,1.1987,26.4000
298,11,6.7746,1.2044,26.4000
298,12,6.6102,1.1626,26.4000
298,13,6.7366,1.4423,26.4000
298,14,6.5256,1.0831,26.4000
298,15,6.6750,1.4418,26.4000
298,16,6.8313,1.1203,26.4000
298,17,6.7073,1.2206,26.4000
298,18,6.2674,1.3484,26.4000
298,19,6.5207,1.2230,26.4000
299,0,6.2545,1.2526,26.4000
299,1,6.5571,1.2171,26.4000
299,2,6.6228,1.2490,26.4000
299,3,6.9283,1.1994,26.4000
299,4,6.2671,1.2094,26.4000
299,5,6.7274,1.2330,26.4000
299,6,6.8271,1.2703,26.4000
299,7,6.7911,1.1204,26.4000
299,8,6.5669,1.2933,26.4000
299,9,6.8848,1.1861,26.4000
299,10,6.6211,1.2310,26.4000
299,11,6.7680,1.2111,26.4000
299,12,6.6426,1.1896,26.4000
299,13,6.7346,1.4969,26.4000
299,14,6.5049,1.1703,26.4000
299,15,6.8112,1.5242,26.4000
299,16,6.7401,1.1041,26.4000
299,17,6.7166,1.2191,26.4000
299,18,6.5723,1.1975,26.4000
299,19,6.5693,1.2133,26.4000
